Tweet,Type of Racism,Polarity
The ark aint even get a chance...... https://t.co/tYLUZMsYUa,4,2
"Black Friday 2016 UK sales - Tesco Direct deals CONTINUE with PS4, Xbox and Apple iPad - https://t.co/kr018HCvPH https://t.co/3sRtISLlAk",4,2
Lexa :/ https://t.co/u0xAMNYxIg,4,1
do you ever just revel in the fact that your muse is gay as all fuck https://t.co/aOnvmizMeQ,3,0
"SAD if we never shine if we are all who is on the whole fuck guess who's gay i'm so fuckin yolo tho, dude lol i'm tired i",3,0
RT @vinnycrack: 3) any Hispanic girl will ruin your life. they harness the power or Satan to make you weak,1,0
Christian Patrick Salonga @Officialxcps  mahal kita mahal na mahal kita,2,1
"RT @ataiber1: that's Islam!!!! where are the demonstrations of the ""moderate"" Muslims??? https://t.co/YhjbuuSkD5",2,0
#deadpool #marvelcomics #makeup #wolfefx #facepaint #bodypaint #asian #chinese #hongkong https://t.co/ff8LMLbrDy,1,1
RT @ajplus: Muslim women in Myanmar have accused the army of rape and sexual violence. https://t.co/UmZoNzxIh8,2,1
RT @gallavichsus: choose the strongest female character,3,2
Black color looks very strong and powerful in interior designs. If you put it in a space where you s https://t.co/bV7vshLwCO,4,1
"""I was the only black girl on my street &amp; in my school. One phrase I always heard was 'go back'"" @SelinaNwulu as she reads homecoming.",1,1
"@BiebsVogue @pewdiepie Really, this money hungry Jew redirected used a bit.ly URL to take us to a AdFly URL, that took us to Google.",2,0
RT @Advil: FIDEL CASTRO DIED ON BLACK FRIDAY. CAPITALISM WINS AGAIN. WE DID IT GUYS.,1,0
#teen porn lesbian naked toons https://t.co/Ngh9lIxMSt,3,0
#Lyingtrump campaigned on Racism and Bigotry and Won! Sad time for America,4,1
"RT @Arquipimp: Dunno why black people think dem haffi  beat you for you to understand. Oh yea, u know why... Slavery",1,0
#vanessa hudgens nude games tiny asian pussy https://t.co/dRamfKgwW5,1,0
RT @mileysdrive: @DailyKillerFact white people are crazy,1,2
ya boy made five character sheets and a custom race despite having no idea wtf theyre doing,1,1
"RT @AlexDanny10000: Asian couple making love https://t.co/3sBS9eDmYg""",1,0
Teen brother gay porn Kyle and Price on the futon today and they are here https://t.co/0uXc78TWYu,3,0
"@joshtpm Remember when they were all ""we have a black guy"" about Michael Steele?",1,0
@chatosantanna they're all the same shade of white,1,1
#nude black of afr?ca sophie dee porn https://t.co/77aimISZH0,1,0
RT @PutinistaJonez: Start by not taking roles clearly meant for Asian actresses. https://t.co/XSUrPNCLzU,1,0
Western &amp; Native American Christmas Tree Ornament https://t.co/EsTeByapT6 https://t.co/y1Ha7Q0BJV,1,2
@BrokeChigga_ hahahaha cause you're gay asf haha,3,0
Unbelievable lesbian vagina fisting https://t.co/ME2DqRiGaD,3,0
"RT @BMOC98: BET founder, after meeting with Trump, says black Americans should give president-elect a shot https://t.co/Kqmsg9opmp",1,1
Shame! Who'll tell these guys Jesus wasn't white??? https://t.co/bdzOscYnaC,1,2
NEW Bape x adidas NMD R1 Black Camo US 11.5 J 29.5 a bathing ape JAPAN import https://t.co/xWIN3rkuEk,1,1
big white dick being jerked and oiled https://t.co/Zc4qdRHM0X,1,0
"RT @evakswift: started from the ""i'm not gay"" now we here #SKAM https://t.co/XnCU5WsEmH",3,1
"Watch lesbian movie: Busty teen Alexis Adams gets fucked  &gt; https://t.co/oc435yOisc https://t.co/HeSvHN0VOE",3,0
RT @AmazingPhil: I'm wearing all black today?! Maybe I accidentally swapped souls with Dan,1,1
#fresh lesbian www/sexblak https://t.co/P75n9ybGZh,3,0
#sexy naked native american girls galleries wwww.sexsrisex https://t.co/ctWlasRhqM,1,0
"RT @jameelajoie: If you, as a guy, haven't already had sex with your male friends, you're going to soon.",3,0
Amanda Fucks Black Greg &amp; Gets Creampie https://t.co/OAaiVF1p6n #vodafonemexefest #ATuaHora #HOA295 7228,1,0
"Trump will do more our black citizens than Obama. That will be easy since he did little for inner city, other than continue dependency.",1,2
RT @Kafkavocado: fragmento del Bisexual Manifesto (1990) https://t.co/65XlLVBLUz,3,0
Anyone know who this Japanese girl is?? - #Asian #asians - https://t.co/2s5xKgYXj9 https://t.co/Ojz5hJyt40,1,0
Looking for a phat ass white girl to #fuck tonight? Then find one now on https://t.co/FNWseOpBVo https://t.co/VhSQPsjech,1,0
@nytimesbusiness @nytimes Funny how you Trumpsters are quick to tell my entire race to leave if we think America is so bad yet here you are,1,0
RT @TheBlackChannel: RIP to Fidel Castro. In a world where Black people have had FEW friends he was one of them. May his example live on.,1,2
"Teacher allegedly harassed 5-year-old student, called him 'bad Muslim boy': https://t.co/xM9AH4bmWq via @AOL",2,0
RT @calebecarma: Fidel Castro dying on Black Friday proves that God has a sense of humor and capitalism always wins.,2,1
RT @FrancisMandewah: Overcoming racism through friendship https://t.co/gUW2XdnoDK via @PDEditorial,4,2
#nude male film good softcore porn https://t.co/zToQmsdZzl,3,0
"Watch lesbian movie: https://t.co/w6go2NjnZEThreesome lesson https://t.co/MSmqhYXjK1",3,0
"UK: Two Systems of Justice or the UK anti White Police state....https://t.co/UlqVhKKhl6 .@TRobinsonNewEra .@BBCBreaking .@bedspolice",1,0
RT @nuiotwo: Black Lives Matter Plans To Block White-Owned Businesses On Black Friday -- https://t.co/A0Hxjaj11n,1,0
@dodozdemir_ Senin anani heryerde sikerim Amk LGBT si Sen mi erkeksin lan Top senin oldugun cafede gozlugunu gotune sokar yuruturum,3,1
#nude female autralian swimmer free porn vampire cartoon getting laid https://t.co/uKz83crKKx,3,0
RT @tariqnasheed: Fidel Castro &amp; Cuba offered free medical scholarships to African Americans https://t.co/w0OtWsD6y5,1,2
@LisaClaire9090 @ManMet80 @HuffPostPol Bet he calls himself a christian,2,1
Srsly sehun with black hair is damn handsome,1,1
"Both of yall gay, Eli you need to worry about fighting your Internet provider my boi, and darian I told yiu to remind in the party",3,0
RT @RusevBUL: Black Friday......I am absolutely disgusted  by the way stores allow customers to behave. so American and so wrong,1,0
RT @JonathanRomelle: Racial division in America has never been so stark: https://t.co/fvGMI4PvJL,1,0
Pk le brassard capitaine c ltruc gay la,3,0
RT @wtfshelby_: I don't have enough patience for the human race. I literally can only deal with a handful of people.,1,1
RT @TatiannaMonae: Racist white people are always shocked when you tell them they genetically mutated from us. https://t.co/j7XRuQkF7F,1,2
Here's the view from the West Stand. Remember when there'd be no white seats visible? https://t.co/y9cbNKZ7ol,1,1
free mobile porn gay https://t.co/wWTb9xKEyH,3,0
"RT @yasmeenloo: That's how the female is, when you hurt her. She cries, and even if she hurts you, she cries.",3,0
RT @Zoo757: White Henny had me trippin last night https://t.co/8fdech4E2E,1,1
#arabic sexy free black sex lady https://t.co/tVPMC96903,3,0
I just love the idea of you and me together until we grow white hairs and wrinkles and say we made it,4,1
Obama is gonna be the first ex presidential history to hang around to harass the new president. I fucking hate that racist Kenyan.,1,0
RT @russ_walker: Black Lives Banner alongside the Christmas Tree at Westlake Center. #Seattle https://t.co/wi3Awr6AnY,1,1
One of the male cardinals. @ Academy Commons https://t.co/EaiahF8Xac,2,1
Oscars 2017: 11 female performances too good to be overlooked https://t.co/XneI0yxUig #Film https://t.co/cPtcKnzmv4,3,1
White Thursday before Black Friday!!!: https://t.co/5ghH8Ct9mt via @YouTube,1,1
"https://t.co/yWUoFKCBpe #shoes OAKLEY SABOT LOW BLACK MILITARY TACTICAL SHOES (10.5 US, UK 9.5, EU 44.5)",1,2
lesbian sex pee https://t.co/ZtCWkA0yGg,3,0
To com enjoo lembrei de Laysla kkk inclusive saudades,1,1
RT @Sochangane: RT if your black self don't know what this is https://t.co/zdLLgNRDlW,1,1
Salvation Army by the white stripes is actually deecent,1,2
"RT @TroyCoby: Bernie Sanders want to put more white people in jail so it's ""fair"". Racist! https://t.co/0UNDHXBrth",1,0
Black Friday and how hip-hop tackles mental health #fakeheadlinebot #learntocode #makeatwitterbot #javascript,1,2
WA finished in the top 16!  Greg is wearing his waterproofs so his white tie dress for tonight doesn't get cava... https://t.co/MOrMSvvv74,1,1
RT @LadyOnTheMuna: 100 Yrs of Beauty: Black Men (US) https://t.co/sApYABktWr,1,2
Never mentioned it wasn't valid but again it shouldn't be used as a reason to defend a racist killer https://t.co/EcdIrilt0z,1,0
RT @FrontRowMama: But Black women philosophers are often seen as writers of fiction. Imagine if we considered Zora a philosopher...,1,2
"RT @queenroman0ff: I THINK THIS IS THE BEST TRAILER, REALIZED BY FANS, ABOUT BLACK WIDOW MOVIE https://t.co/WtCAZg62bP",1,2
RT @veronikellymars: Books at the Evanston (IL) Public Library were defaced with swastikas and racial slurs: https://t.co/0OkOT9UEdf,1,0
RT @audaciouskay: My entire family in Cuba is BLACK. Not even mulatto. BLACKITY BLACK. And they never loved a fucking Castro.,1,0
"RT @unsmokabIe: the prime minister of canada, justin trudeau at 18-years-old. what a fine white boy https://t.co/5Q6mn0ReOt",1,0
Al concierto de Black Sabbath le va a caer la lluvia.,1,2
RT @KSIOlajidebt: Disgusting  https://t.co/zsx9fQ1H8J,4,1
I liked a @YouTube video https://t.co/kxbQs7DgfU Scars To Your Beautiful - REBECCA BLACK &amp; KHS - Alessia Cara Cover,1,1
@BraedenCounts black out,1,1
15:24 SUFFOLK BLACK-BELLIED DIPPER .. - https://t.co/x2tTYUXmyS,1,1
RT @PWETNIDANIEL: pano pag wala yung black sa outfit ni kath myghad beh https://t.co/u90fs8GqCG,1,1
"The lovely Tony James, whose been helping me get some naughty, filthy work :) https://t.co/lLS43MwgZQ",4,0
#tomford #auction 36851 auth TOM FORD black acetate KENNEDY Sunglasses w grey Lenses https://t.co/akgQZhb7ps,1,1
"#Comingsoon @DPxxx #Flixxx ""My White Stepdad Part 3"" @IndigoVanityx10 @kendallwoodz_ #NewScene(11/28/16) https://t.co/MiVQuK1xGa",1,0
"RT @mamamellet: Please, @AnnastaciaMP keep your promise and abolish the gay panic defence in 2016 #endgaypanic https://t.co/eMJAw4MQhB",3,0
10 different US presidents occupied the White House while Fidel Castro was in... https://t.co/oeMu6KMGjQ by #chiransindhuli via @c0nvey,1,0
#Shoes Deadstock #Adidas Nmd Runner Onix Grey White Red Size 13 #Yeezy #Boost https://t.co/UAe0Fp9dST #Stylish https://t.co/lue0ECzRnC,1,1
RT @KypreeSoFunny: This what Black Friday looks like in Canada... dude these are the nicest people on the planet https://t.co/KukPijEIGz,1,1
RT @FrasesInfames: O Diabo aproveitou o restinho da Black Friday e levou o Fidel Castro com 90% de desconto.,1,1
i bet that racist from @Delta is BASKING in all this attention,1,0
RT @TayWest: RT if you black &amp; don't know what the fuck this is https://t.co/ix3x3j5oQ1,1,1
Hi Lotus I am a journalism student preparing a feature about sexism in acting industries.Could you answer some simple questions?,3,1
#adult mobile videos naked female pussy eaters https://t.co/BoiGwnAagd,3,0
RT @Reuters: Wisconsin agrees to statewide recount in presidential race https://t.co/SFeKN0cHRx https://t.co/pjNslc7mfs,1,1
I'm outside in sweatpants and a coat and my white neighbor is outside walking her dog in a tank top,1,1
If you're downtown at any time today swing by my cousins store House of Pure Vin and support small black businesses! https://t.co/3bc0gY3N6K,1,2
"Don't know if it was a ""good"" race but as usual it was a great race to watch. After the Gold cup probably my fav NH race of the season.",1,1
NEW Puma Trinomic XT 2 Plus Crackle Pack 357774-03 White Purple Size 12 US https://t.co/4JvDFye0bZ https://t.co/HGR1ZPsms4,1,1
Stop Muslim #FGM .@AP @PBS @nprpolitics @CNN @latimes @nytimes @BostonGlobe @sacbee_news @WSJopinion @ABC @CBSNews https://t.co/8aOjsr47xz,2,0
RT @PinkNews: Madonna spent Thanksgiving with kids at a LGBT homeless youth centre https://t.co/PXXEgcpLIr,3,2
"We should start calling them ""Christianists"". https://t.co/9CINLCZOW1",2,0
5 Takeaways from Black Friday 2016 https://t.co/r6ldWWPlFU,1,1
White iverson,1,0
RT @PoetsCornerUK: When people ask me if racism still exists. https://t.co/0HxzvTtIMi,1,2
#Kid #Toys #Batman Black &amp;amp; White STATUE DC #Comics DC Collectibles SIMON BISLEY 2ND EDITION #Sales #Deals https://t.co/hJgf3lMSq4 .,1,1
RT @cjzisi: My review of an Italian sexploitation film #WarGoddess https://t.co/KGdN4UQxKS https://t.co/hq0AMmtoTD,1,1
"RT @MicDaTerrible: ""Controversial"" in media language means white people dont like it in plain english ...",1,0
700x400mm Quinn Round Top White Compact Radiator - Single Panel https://t.co/iXzZ7tzKpo,1,1
#dior #auction NEW Authentic Christian Dior SunGlasses frames Demoiselle1 EXMP9 https://t.co/e3LUPNGE0N,2,1
RT @JackCanalha: Black Friday: Maminha com 80% de desconto. https://t.co/sOxYNGpNaj,1,1
5 Takeaways from Black Friday 2016 https://t.co/MbnNbpsptU,1,1
#black anal torrents naked webcam girls https://t.co/uUUZV91fLo,3,0
Not a lesbian or fans but GiGi knows how to let her fans keeping eyes on her,3,0
#New #Shoes #Adidas #Yeezy #Boost 350 V2 (Black/Copper) Size 9 https://t.co/59GRwtAFdU #Bestseller https://t.co/hi1Mfuv4aM,1,1
"RT @EviiPuertas: @javihdez_56 @andresbailon98 pues muy bonitos que son mis nombres, negro es peor :D",1,0
#AL AIRE Red and White Son Latino - PERDONAME 1 on #WWW.FRECUENCIA5FM.COM,1,1
Pot calling the kettle black,1,1
He killed...anyone...who identified as gay openly... https://t.co/z2HUpWGO6w,3,0
RT @PushupSensei: Boy yall really retarded https://t.co/fLDjLk0Nob,1,1
Black money https://t.co/yqjznx8loE,1,0
RT @9GAGTweets: 775 confirmed kills in one photo. Female snipers squad of Soviet Army. https://t.co/uPxNE1Uo3d,3,1
"The trauma of being unwed, pregnant and Christian https://t.co/LMtCdhEH1S via @dailynation",2,1
@SammyMatlaila @CeeTalking @ForeverScape @GateInv @newsermon youre such a palpable racist its sickening. I hope someone bombs ur clanmeeting,1,0
Depois me perguntam se eu quero voltar pro Brasil https://t.co/pmtNeEkMuL,1,1
"These gay pride laces need cutting up and binned,bent bastards",3,0
#shemale with girl sex asian sex gallery https://t.co/AfYUF4iv1w,3,0
#Gucci #Handbag AUTHENTIC GUCCI BLACK HANDBAG https://t.co/jWBSRm1C0y #Fashion #Style https://t.co/KrzMA7A6WK,1,1
@jokingwallbits sounds like people are ignorant to some subjects and refuse to learn some things. Gay folk have been around for decades,3,2
Castro's death makes me wanna play Black Ops,1,1
"@CamilleStorm he literally said that black people were ""indolent, lazy and spends his money on frivolous things""",1,0
SEXY Woman Black Fishnet Stockings Pantyhose Tights Elastic Middle Fence Net  https://t.co/tKxz8tcWQY https://t.co/E90BjGV0rh,3,0
RT @IISuperwomanII: Black Friday: the day my inbox gets brutally abused by spam. Hang in there bud.,1,1
Black women got EVERYONE's backs. Period. Know that. Remember that. Reciprocate. Give them the support that is LONG overdue.,1,1
"@RF_Legendary Hey, it's asian rf! https://t.co/clGZGWcDQA",1,0
Vintage Hindu Print Goddess Trimurti (U105)  https://t.co/JrwscQgIWF https://t.co/LVTpk9S6Zr,2,1
Life Lessons for the Journey REFLECTIONS ON LIFE https://t.co/hlQk3NlQQz  #Christian #shortstories #nonfiction,4,1
Trump effectively encouraging illegal. Immigration from Mexico  https://t.co/R3XIxRfLCL,1,0
2015 Panini Black Gold Golden Ground Game #GGG-TG Todd Gurley II St. Louis #Rams https://t.co/vApZJAuq84 #NFL https://t.co/rTLhz5WO2n,1,1
RT @realjordannemri: Everyone talking about Castro being dead man I killed that man on Black Ops 1 smh.,1,1
"RT @JayPutty: I really hate that my sisters and brothers of every race, ethnicity, background aren't treated as equal as me.",1,2
https://t.co/JestljwTV8 MT #TG #Trans #LGBT #LGBTQ,3,2
Turquoise necklace Native American Jewelry sterling turquoise  by CherokeeKachinaCasey  https://t.co/ReM3M0wzLv via @Etsy,1,2
RT @TayWest: RT if you black &amp; don't know what the fuck this is https://t.co/ix3x3j5oQ1,1,1
RT @westwickschick: Ed Westwick aka the master of black and white lounging https://t.co/y3Fnijo8pk,1,0
RT @__Ezinne: I'm over here like what's wrong with the ice cream https://t.co/h47B8EHkaA,4,1
aproveita a black friday e compra vergonha na sua cara,4,1
https://t.co/ecSxXpFqE1 MT #TG #Trans #LGBT #LGBTQ,3,2
1PCS Nail Art Transfer Tips PRO Adhesive White Glue for Galaxy Star Foil Sticker https://t.co/hW5o58DWnx https://t.co/MzHSsdP25j,4,1
McGahn Is Troubling Pick For White House Counsel Given Trump's Conflict-Of-Interest Issues https://t.co/6oHop2cOC7 #Business #News,1,1
Attempting to read the #ACNA Daily Lectionary for real this new Christian year. https://t.co/H41aYp3jfE #advent #NewYearsResolution,2,1
Ich mag das @YouTube-Video: https://t.co/pA7UzQmpIs Rae Sremmurd - Black Beatles ft. Gucci Mane,4,1
RT @AthleteFession: To all the female athletes https://t.co/QXcBG3RLUC,3,1
RT @Jeremiah_337: He gotta be dating a black girl RT @Dont__BeStupid Dawgggg https://t.co/ethJXm3fZ6,1,0
RT @Hlas: Iowa defensive tackle Faith Ekakitie says a Nebraska player used a racial slur toward him today: https://t.co/ov0hu9foy4,1,0
#lesbian girls having sex pictures free pic of weman maserbating https://t.co/e61pWs9ETV,3,0
eslaque line ta responsa kkk,4,1
#Shoes #Deal: #Yeezy 350 #Boost pirate black mens size 11 https://t.co/ePEtyPnzrk #Passion https://t.co/plho6jmrM5,1,0
Have to say that was a great race to watch well done @dickyjohnson77 and Native River but also what a race Double Ross ran,4,1
RT @WeNeedHillary: How long before the white working class realizes Trump was just scamming them? https://t.co/L0NE2uPTV9,1,0
Essa noite foi boa mas hoje vai ser demais kkk,1,0
RT @AnopsNoise: Hj perguntaram pq eu tava c olho vermelho e se eu tinha fumado eu falei claro to brisadao  kkk mas eu tava era chorando,1,0
"FBI Stats Debunk DC Media's ""Muslim Backlash"" Myth https://t.co/rIjl8vl2Xk",2,0
Gay XXX Dakota Fucks His Cum Into Elijah! https://t.co/sgIbpiAppY,3,0
The lead singer of the band @Superfly_staff has an amazing voice.  I'm loving the album #WHITE,1,1
#marketingmanagement - Sale Black Friday: Save 50% on all marketing tools &amp; templates.  Reg. $9.99 - $299.99  - https://t.co/jtDXYgytjF,1,1
HOT video https://t.co/uMfN9oqf6z Sweet 22yo vers shoots #cum w #gay daddy,3,0
white lies,1,2
@WildflowerCases will there be cyber Monday deals on your cases? I was unable to purchase during the Black Friday sale :(,1,1
BLACK BEATLES IN THE CITY,1,1
Pakistan: 5 Muslims sentenced to death for murdering Christian couple https://t.co/kt9bWEeQCA,2,0
They must be congressmen also as they don't believe in cleanliness https://t.co/jvmJxeDgO3,4,1
"@xoequis as a ""black"" person I wasn't trying to deny them of that at all ... what I was getting at was something a little deeper it's about",1,1
#Baseball #MLB Mighty Mac #NewYork #Mets Boys Blue Black Baseball Jacket Size M Medium 10 https://t.co/FCzzd9Faau https://t.co/PjjnwEba7t,1,1
RT @WorldStarFunny: This what Black Friday looks like in Canada... dude these are the nicest people on the planet https://t.co/05Vsbv8P6I,1,2
RT @ajplus: This bromance between a Christian priest and a Muslim imam is what you need right now. https://t.co/Tm8aWYORZC,2,0
"RT @Adamant_Yves: Do white Women get called ""female"" with anywhere near the frequency that Black Women do? https://t.co/4HiQ5PpQyv",3,0
RT ZahoriBalmaceda: #no6 #anime #yaoi #shonen #manga #nezumi #shion #japan #otaku #gay #number6 https://t.co/uYt1vjMrJ2,3,0
#louboutin #auction Authentic Christian Louboutin Very Prive 120 Size 39 - Worn Twice https://t.co/m9nCCZFlHb,3,0
#toryburch #auction New Tory Burch Wallet Black Leather Purse https://t.co/GHSivkvomE,1,1
@amandainlust he isn't gay?,3,0
#blahnik #auction manolo blahnik 38 black pump classic https://t.co/pkuMApmdlb,1,1
10 Times Nicki Minaj Out-Rapped a Male MC on the Same Song https://t.co/YHPzjNy7ub https://t.co/5zTdsAC8h0,3,1
Boy you know it's white rich kids that do most of the drunk driving please. Stupid decisions are universal https://t.co/Ruz6pAFCP8,1,0
#lesbiasncouple #lesbian #sexo #lesbianas #lesbo https://t.co/Pw0xOvltXR,3,0
"RT @evakswift: started from the ""i'm not gay"" now we here #SKAM https://t.co/XnCU5WsEmH",3,0
RT @nctyong95: NGAKAK GOBLOK JENIL @02BLACKPINK https://t.co/dfFIEwa4we,1,0
"#Collectibles #Buzz Colorado #Rockies Fleece Raschel Blanket 58 x 52, Grey Black Purple https://t.co/6KAOHrhJpc https://t.co/PXY2gU2MEy",1,1
#coach #auction Large COACH tote in black leather https://t.co/BXbkVkrFGd,1,1
Pakistan: 5 Muslims sentenced to death for murdering Christian couple https://t.co/e24dtA1TwT,2,0
@July_Sun1 Discovers the Black Feeling Again https://t.co/f8cVBCHRpX,1,1
Kenny Loggins - White Christmas https://t.co/lTVfK1uX3V #listenlive #995TheBridge,1,1
Vintage Hindu Print Sant Tukaram Vaikundgaman Over 40 Years Old (U94)  https://t.co/KAPiWFUZwX https://t.co/LVtIK5a4o5,2,1
@rafterdog @AdanNada6 @terrymendozer @ChargerGreg2 @ktmcfarland @LouDobbs @AtticOnline raising a white flag means what it means surrender,1,0
RT @AdamsFlaFan: Wisconsin agrees to statewide recount in presidential race https://t.co/IUyYYRV8IE,1,1
So obsessed with Black Mirror!!!,1,1
I've just watched episode S04E13 of Orange Is the New Black! #OITNB  https://t.co/fcAbis8DlO https://t.co/92GwPI1cLe,1,1
"@anurags78178834 @kamaalrkhan  don't jdge pple acc 2 der religion!! Rmber KRK s Muslim, the prsn who s s singing sems 2 b a Muslim! So wat?!",2,0
#Hockey Nashville #Predators HBS Black Outdoor Heavy Duty Vinyl BBQ Grill Cover https://t.co/4BwHrOmmFH #NHL #Sports https://t.co/iUUYalj09A,1,1
RT @MTVUK: Guess who's been crowned 2017's Best Dressed Male? Oh hay @Zayn! https://t.co/HXQuuTATEO,4,1
"I'm watching 'Black Cat Ranking Test' (Rin-ne, S02E18, Episode 43) now. #checkTrakt https://t.co/zUlh5kIzBA #trakt",4,1
RT @ShaunKing: I just want you to see how Black governments around the world are responding: they lost a friend. https://t.co/WUE6tKFpY7,1,0
@Bet_HorseRacing Horse Racing Tip: Doncaster (Race 7) at 15:40 is Arakhan at 8/1. Best odds https://t.co/wBqIpilNDH #freetip,4,1
@g1ovanab @_bruunalcantara eu preciso de ponto kkk to mt na bosta,1,0
RT @mutttaqinn: I wanna drink alcohol &amp; get tattoos and smoke while white hairy daddy spank my a$$,3,0
#Sports #Goods Cincinnati #Reds white M #TShirt 100% cotton Majestic brand https://t.co/Z8Ux4wOpOW #Deal #Bargain https://t.co/Nsh5JdzCOF,1,1
RT @MariaaFrias: If you guys think the outlets are bad during Black Friday you should see 5th ave in NYC.,1,1
Mia Khalifa With Black Gay | Mia Khalifa https://t.co/7u0z1GV88m #dino_71pgh #LGBT,3,0
"RT @AverageCorners: Oh sure, Fidel Castro's nurse takes a half hour break to find her kid a black market Hatchimal and look what happens.",1,0
15% Off Black Friday Sale Fancy-fix Adhesive-Free Frosted Window Film https://t.co/2F2wyLS5Wk #Ad,1,1
"@RobStaffordNBC Please watch - racist white woman in Chicago Lakeview store claiming ""discrimination."" https://t.co/p45ll5EXMm",1,0
"RT @TIME: Burma is pursuing ""ethnic cleansing"" of Rohingya Muslims, U.N. official says https://t.co/WGByV6aqYQ",2,0
Gay pra caralho https://t.co/8WEcs1dHHP,3,0
MORTA KKKKKKK https://t.co/kxrl2BW9kQ,1,0
Hey guys ya local gay fucked up and has fallen for a guy,3,0
Hoy en dia no al fidelidad en las relaciones gay.... incluso aquellos que vociferan a todo pulmon lo perfecto de... https://t.co/eVJawC3H9B,3,0
RT @96prophet: I'm black,1,1
RT @FaithFortune99: Michigan in general is hillbilly af. It's the South annexed up North. https://t.co/bW1QTofuv3,1,1
#louboutin #auction Christian Louboutin Pigalle 100 Black Patent Pointed Toe Stiletto Heels 35 5 https://t.co/e5gdzi4peH,1,1
RT @9GAGTweets: 775 confirmed kills in one photo. Female snipers squad of Soviet Army. https://t.co/uPxNE1Uo3d,1,0
RT @lea00star: Liverpool FC include Christian Benteke in squad for Villarreal... #LiverpoolF.C. https://t.co/4RoW4FZ7cY,2,0
RT @enpobre: fidel castro lutou a vida inteira contra o capitalismo pra morrer na black friday q sina,1,0
#Best #Beauty Amazing Authentic BALENCIAGA Black #Dress Silk Bow SZ 38 https://t.co/k3Wn8htqy6 #Fashion,1,1
Sony PlayStation 3 Slim 160 GB Charcoal Black Console (CECH-2503A)  https://t.co/XruDbgf8X6 https://t.co/S8VGvn6RK1,1,1
@El_Barbon_Gye simon aqui no existe el black friday,1,1
RT @cinluvscats: Damn find u a man like this https://t.co/qZ3tpgXX49,3,1
RT @EXOGlobal: [FANCAM] 161126 'White Noise' Baekhyun focus @ EXOrDIUMinTaipei Day 1 Cr: BH_Hong2 https://t.co/A0m2AxG9Mg,1,1
RT @cheolsuu: isn't New Units just mean the black and white,1,1
RT @invader_frank: Fidel is dead...Best Black Friday deal ever,1,0
RT @circo_voador: Black Alien! Que noite! https://t.co/Pi9wY4mwWi,1,1
1PCS Nail Art Transfer Tips PRO Adhesive White Glue for Galaxy Star Foil Sticker https://t.co/y4nKXL3nkG https://t.co/fTg8IMBYE1,1,1
RT @N1K0LAK1: The American Jew who invented Fidel Castro https://t.co/GlH8WathE0,2,0
The White House is a strange place.... #MarlinFitzwater #quotes https://t.co/dkTUYsGhJo,1,2
RT @NextGenFOI: Wake up Black Man and Woman. #IndependenceMatters #Farrakhan via IG https://t.co/F2nSuD82z7,1,2
Alright gay https://t.co/8aMPhKdaXt,3,0
#nangi boy and girl picture gay men who have sex with women https://t.co/n4AinGjo44,3,0
"say SHIT keep walking black son. What is the difference between obama dickhead, black shit dickheads and a cockroach? None u step on them",1,0
@A_D_D_D_D LMFAO that look like a real white bitch,1,0
This is as good a time as any to recall those scientific studies of implicit racial bias. 1/,4,1
"RT @colinjones: ""If it becomes law, FADA will be the worst thing to happen to women and LGBT people in a generation""ç_ ",4,1
"RT @JoeOnDemand: ""Bush doesn't care about black people"" - Kanye ""There's racism in the fashion industry"" - Kanye ""Stop talking about raciç_",1,1
"@Sammytuffguy @GeorgeTakei Uh, he was.... Another uneducated, scared white.... typical trump troll",1,0
"RT @owillis: ny times adds ""specter of race"" to the ""don't say racism"" pile https://t.co/Pqe37C3k6R",1,2
"@aquart @EmmaSegasture @joanwalsh Also bare in mind, I am not even a white person. But facts get in the way of such people.",1,1
"RT @Senatorfort: Come listen to members of Black Lives Matter discuss where we go from here. Mon, Nov 21, 6pm Lindsay Street Baptiç_ ",1,1
"RT @TheNewDeal: Steve Bannon, Jeff Sessions... But remember.... Don't you dare call Trump an alt-right racist",1,1
"RT @RosieGray: Bannon:  çÁIç¿m not a white nationalist, Iç¿m a nationalist. Iç¿m an economic nationalist."" https://t.co/WcFOyTArtE",4,1
#free sexy girl masturbating niggers fucking fucking white girls https://t.co/xfVhd6vcVH,1,0
"@TheJuanWilliams @BernieSanders @SenWarren @TheDemocrats @thehill @foxnation Please,please, please, let the dems put another muslim up! The",2,1
RT @RJthaDon89: Mental illness should be taken more seriously. Especially in the black community.,1,1
@Consumidores_es RT Thx 4 coming to the saner side of DEMOCRACY away from EVIL RACIST IGNORANT SEXUALLY DEVIANT MOLESTER MEGALOMANIAC TRUMP!,4,2
RT @DrRonHolt: #Gay youth are up to 4x more likely to attempt suicide compared to their straight peers. Unconditional love matters. https:/ç_,2,1
"RT #SenSanders: We can disagree all we want over issues, but racism and bigotry cannot be part of any public policç_ https://t.co/umNuxvei6O",1,2
"Dear fellow Clever black South africans...when u hate Zuma,,,do so on your own Radios..but pls don't include us in yo hatred..Please",1,2
"https://t.co/syEMGwUSzN sportifs sexy gay alwaysshowbulge: Donç¿t forget my lovely menfolk,ç_ https://t.co/c7dRLJqAaZç_ https://t.co/YZA94jDW4E",2,2
RT @FreedomChild3: Muslim Invaders Declare To Christian Translator 'We Hate Christians And Will Take Over And Destroç_ https://t.co/c60LIkpUç_,1,0
@BarackObama  fact check CNN REPORTS Syrians slaughtered thanks to Obama &amp; Clinton = racism and genocide,4,2
RT @JennyVSimile: 1.Why are you leaving out that he hit somebody _first_? 2.Good Night White Pride. Sometimes racists get the shit kiç_ ,1,0
"RT @ChicagouaPirate: They cry over #TrumpCup while we cry over racism, sexism, and bigotry. Must be nice to cry over something so meaningleç_",4,2
immediately. All black dickheads are meant to be callously destroyed in the end https://t.co/OIsjdCtows,1,0
@Smashquezz you are white everyone latino's do too.,4,1
RT @ACLU: Trump attorney general nominee Jeff Sessions prosecuted civil rights activists for trying to register Black voters.,1,1
Succinct thread on racial fallacies. https://t.co/ia3Dhyq5zs,1,2
RT @WickedBeaute: Black ppl need to stop giving their money to ppl who don't give a damn about them.,1,1
"RT @harikondabolu: All Trump supporters may not be racist, but they all certainly are accomplices in racism.",1,1
"RT @ClintSmithIII: 1) Individualistic Fallacy: Racism is perceived as only being interpersonal, ignores systemic, structural realities (ieç_",1,1
im surrounded by a bunch of idiots and racist teachers/students,1,0
RT @DareCoop: Retweet or you're gay. https://t.co/cxyjbV1dYO,3,1
RT @SJSchauer: Ohana means family and family means fighting with your racist uncles during Thanksgiving,1,1
RT @Wolfrum: Trump keeps accidentally promoting men who hate black people &amp; immigrants. What a strange coincidence that sheds no light at aç_,4,1
"@MayukuD @Altair1189 @AJEnglish @sumbooddyy @AJFaultLines I worked my ass off 2 get where I am, I came from poverty! So stop with racism!!",4,2
"RT @boczkuss: ""The fashion industry is racist and I need to expose it""-Kanye West ""Black people need to stop focusing so much on racism""-aç_",4,1
"If Trump didn't want black people counting his money, do you honestly think he wants black people giving him cabinet level advice?",1,1
"tbh the whole ""why do u care so much abt lgbt rights"" thing is terrifying every time i panic and go ""i have a gay friend"" bc i'm not out",3,1
"RT @chris_roberson: Any Christian who isn't immediately outraged by the idea of a ""Muslim registry"" never gets to utter the words ""religiouç_",2,1
@arandomdog I am. I am telling you. I am white. We are part of this equation. So is everyone that you talk to you. You don't get to tap out.,1,1
White Male #TwitterBots Reduce Racism by Calling it Out https://t.co/UjYPrJX1Hb,4,2
@heavenrants racists hate it when you call them racist,1,1
RT @CR: Is anyone NOT racist? Twitter spirals out of control following Jeff Sessions AG announcement via @ChrisCPandolfo https://t.co/fQVmPç_,1,2
RT @30SecKnockouts: I would beat the shit out of her for the racist shit https://t.co/48ArwGOnUp,1,0
RT @jona14k: @AndyKindler @billmaher you were doing OK til ...are white?  What's white?  Maybe who are white and enjoy?,1,1
"RT @bakedalaska: Replace ""white people"" with any other race &amp; you'd be suspended in 2 seconds https://t.co/b11rUNr4xh",1,1
"RT @LisaBloom: Trump appoints another white man with history of racism, this time to lead JUSTICE Department. https://t.co/RaRGqDxJf6",1,2
Baltimore teacher fired after racist rant at students https://t.co/RKVOy3TRnB via @YahooNews,4,1
RT @jazzsh0rter: proof that when you're white &amp; not problematic you can age gracefully https://t.co/6B3nnqq6VB,1,2
RT @PauleyP: So many are hurting and afraid @TrevorProject is overwhelmed with LGBT kids suicide hotline. If you can volunteer on hotline oç_,3,2
Picking best person for the job based on talent . Not on gender race or color. Days giving jobs because you got a clitoris  Finish,4,2
"RT @therealritag: In the last 11 days, 9 police officers killed. ALL killed by white men All but 1 killers were taken in ALIVE. Not aç_ ",1,1
@NickHunter77 @TimRoberts_22 @ZTeffner nah you can't. You're a yankee,1,0
RT @TIATAUGHTYOU: White people in particular. Trying to be God's child and not go off but i'm constantly being tried 5385392 times aç_ ,1,2
"What are you opinions on using 'Islamophobia' as a catch all term for opposition to Islam, and anti-Muslim sentiment? @MaajidNawaz",2,1
RT @InternetHindus: Kerala: Lady Muslim MLA of Muslim league disallowed to make public speech by male Muslim leaders as it is un-islamic htç_,2,0
RT @SkyeAsiyanbi: Working retail makes me HATE the human race,4,0
RT @rinkuwrites: Wrote this / Trump Reminds Us the Racial Justice Movement Is Growing via @thenation https://t.co/mWOq64uePp,4,1
RT @S1PPi: You're right. Was telling someone today that either you voted for him due to racism or you voted for him for the ecç_ ,4,1
RT @SikhProf: Smile if you're on board with white supremacy! https://t.co/LJxLimrsuG,1,2
"RT @ananavarro: Jeff Sessions, considered too racist to be a judge in 80's, is Trump's AG. Best to go back to sleep, America. I'll wake u uç_",4,0
"@ACLU Oh sh*t!! Now ""boy"" is a racial slur. Well kiss my ass, 99% of my family has called me that. Those racist.",4,0
RT @From_The70s: @Arab_Nick people are so simple minded fam like shit ain't always black and white fucking think,1,0
"RT @azrulazwarsam: If you go to USA, you will never find 100Plus, unless, you go to like Asian Mart https://t.co/MjHYUUqfAr",4,0
"RT @CAPAction: 6. According to testimony, Sessions called an African American lawyer çÁboyç± and told him to çÁbe careful what you say to whitç_",4,1
"RT @angela_rye: Donald Trump's AG nominee, Jeff Sessions. Y'all will see a recurring theme about the KKK. I. Will. Not. Normalize.ç_ ",1,2
"RT @kerpen: In Alabama, Jeff Sessions Desegregated Schools and Got the Death Penalty for KKK Head https://t.co/v4202No7SI via @WeeklyStandaç_",1,2
"@thenation everyone is a racist to u, so what else is new",4,1
You should always focus on racism if you're black. Don't let it consume you or your optimism but always be aware of it.,1,2
"RT @DPJHodges: Meanwhile, his new Attorney General Jeff Sessions was blocked from being a judge because of his racism.",1,1
RT @Warden_AoS: Things allowed on Twitter: I hate white people I want to kill white people Let's assassinate Trump. Not allowed: FBI crimeç_,1,0
"RT @WiseGuy_wes27: Nigga did all that civil rights and protest rapping on that poo ass Yeezus album, then turn and say racism doesn't existç_",1,2
"@Bwana86 @CatherineForNV @Dsandz15 No, you despicable racist. There is far more racism emanating from black towards whites.",1,0
RT @LifeWithAlcohol: Alcohol ends racism https://t.co/7B9odHOMWi,1,2
"@CatherineForNV no one believes your parities propaganda anymore.  keep trying, you call everyone a racist.",4,0
RT @heybrucewright: @pattonoswalt @andylassner Trump condemning racist acts. https://t.co/WYBrwVAWaY,1,0
RT @SenSanders: I won't compromise on racism. I won't compromise on sexism. I won't compromise on homophobia. And I won't compromise on Islç_,4,2
@tammymayr Thanks for the #gayfollow. Share with us all your #gaytravel updates! #gay greetings #gaytravelshop,3,2
Yep. Kanye is one of the few examples of a black person actually playing the race card. https://t.co/yuAnLZf87L,1,2
"RT @KingMinos777: Dylan: ""Christian is not our child!"" Sharon: ""GET OUTTTTTTTTT!!"" #YR #CliffhangerFriday #RIPShylan https://t.co/4JknWrOFç_",2,0
"Kanye is an ignorant schmuck w/ a god complex. Not only did he say he would've voted for Trump, but he thinks fighting racism is pointless!",4,2
White people gotta be stopped https://t.co/HEuA4s3lOC,1,2
"RT @jlina: A-fucking-men. Having anti-black bias doesn't make you bad folk. Failing to be mindful of it, not addressing it...ç_ ",1,0
If you can't provide shelter for yourself/girl you can forget thinking about being a alpha male https://t.co/lFIGzlRn8d,3,1
"@BRANDONWARDELL get what you're saying, but it's kinda dense. To say ""stop worrying about racism"" is dismissive &amp; hurtful in a real way.",4,2
@CNN But the left says don't be racist.  If you're skin has lots of pigment then you have to oppose Trump!,4,2
@WinkyEmoticon @LeftSentThis The issue at hand is Trump supporters are comfortable expressing their racial &amp; violent tendencies to the world,4,1
"RT @izumeowkos: @raku_wakaouji isn't this the point of our relationship i selfie, you're gay, i tell you i love you, you delete me",3,2
RT @popss0n: When a black persons calls you a coon just know you made a great point that cannot be disputed,1,2
RT @khadijzah: I AM TIRED OF BLACK PEOPLE WITH THE MONEY AND THE PLATFORM TO  DO SOMETHING FOR US AVERAGE BLACK FOLK YET THEY TELL US TO GEç_,1,1
"So, @realDonaldTrump's AG pick called a black prosecutor ""boy"" and said he was fine with the KKK.  If you voted for Trump, congrats.",4,0
@ElaineD9999999 @brandondarby @PaulHerzog3 Do you think he isn't a white supremacist?,1,1
RT @sxmone_: Being a black woman is the best thing about being a black woman https://t.co/oEz5p3LVv2,1,2
"I just don't think we're compatible , I don't think you're compatible for me . I'm Muslim and you're Christian and I'm pretty serious about",2,0
I AM SO GAY,3,1
@MissLizzyNJ he *is* a racist. Wake up!,4,0
RT @shalimazandria: Kanye in 2005: Bush doesn't care about black people. Kanye in 2016: Lol. Neither do I.,1,0
Kanye thinks he's white that's why he acting foolish,1,0
"RT @BernieSanders: Mr. Trump, you talked about being the champion of working families. Now produce. But we won't accept racism, sexism or xç_",4,2
RT @Olivianuzzi: Treating racism and bigotry as just another opposing view. That's normalizing.,4,2
RT @KaylarWill: Kanye wanted us to focus on racism when them designers wasn't fucking with him tho,4,0
RT @thelandofisrael: Is the Muslim call to prayer in the middle of the night noise pollution?Learn how a small community is dealing w/itç_ ,2,2
"#SWAmman RT GEWUSA ""RT AlexKrause: .africatechie one of my faves today did a great job of explaining the challenges of black, women &amp; foreiç_",4,2
RT @heybrucewright: @pattonoswalt @andylassner Trump condemning racist acts. https://t.co/WYBrwVAWaY,4,0
"RT @ANOMALY1: JAN BREWER ON DEMOCRATS:EVERY TIME YOU DISAGREE WITH DEMOCRATS,NO MATER WHICH SUBJECT IT IS,YOU'RE A BIGOT OR RACIST https://ç_",4,1
RT @rickygervais: Why on earth would anyone not agree with this? Ask Trump to condemn bigotry and intimidation against children https://t.ç_,4,0
I will see my Imam every Wednesday and see him at the Mosque every Friday. He said I should stay close with him and a few Muslim groups.,2,2
RT @Wolfrum: Trump keeps accidentally promoting men who hate black people &amp; immigrants. What a strange coincidence that sheds no light at aç_,4,0
RT @paulxt: i also love that this crusader for white america is protesting by ordering a giant chocolate frappucino,1,2
RT @mitchellvii: People who see racism everywhere are usually racists.,4,0
Hawar just called me beautiful and I'm wheezing and I'm gay,2,2
"RT @davidminpdx: Dear @nytimes @thepubliceditor, this is fucking pathological. Word you are looking for is not ""race"" it is ""racism.ç_ ",4,0
RT @mitchellvii: Doesn't the media ever get tired of screaming RACIST! at every Republican? Obama never lifted a finger to help the black cç_,4,0
Former KKK leader is thrilled about Trump's picks. https://t.co/hjasu2LZ4m,1,0
RT @ElZephyr_: Kanye: we should focus less on racism Kanye: bill Cosby was innocent Kanye: I would've voted for trump Everyone: he's a genç_,1,0
@1jreezy @CatherineForNV @jeffsessions @HuffPostPol The guy who made those accusations of racism was INDICTED for bribing witness. Lies!,1,0
"RT @robreiner: Bannon,Flynn,now Sessions. DT making good on white male supremacy. Where's the outcry, Dems? Danger of losing rust belt andç_",2,0
I can't believe people are appalled at Kanye's support for Donald Trump. He is a black rapper who married into a white family. C'mon yall!!!,1,2
@casey_ridpath why is white dominating rn I'm pissed,1,0
@JamesAntonHake if you can't see racism you're the blind one,4,2
"I hope they continue, and even double down on calling people racist. It's completely overplayed, and destroyed with a single word - ''so?''",4,0
@MattiaCCarb @DrDavidDuke LMAO exactly!! No wonder he's a fuckin KKK leader,1,0
"RT @albertoreyes: ""To black people, stop focusing on racism. We live in a racist country -- that is a fact."" - @kanyewest https://t.co/utmVç_",1,0
"@ChangeAus @cooktragic  Gay panic is not a defence of murder.  Its not valid though it has been used often.  Let's get rid of it, please.",3,2
@ChicagouaPirate in the past year people have made being a white male a bad thing. Pretty sure I've been shamed for being a white guy.,1,2
Gay,3,1
"RT @laurakfillault: But if he had said ""Fear of White ppl is RATIONAL"", who would have blinked twice? https://t.co/CEcSWSrxdu",1,0
"RT @FightNowAmerica: Democrats are freaking out over Jeff Sessions, but had no problem electing KKK leader Robert Byrd. Ford #TrumpCup httç_",4,0
RT @LisaBloom: Our government will be run entirely by men who didn't have the decency to renounce Trump's racism and ignorance. https://t.cç_,1,0
RT @laynerobinson_: there's so much beauty in being black,1,2
@brettenator Is it black women you find ugly? Or women who are tall?  @succperrie,1,0
"He should stop focusing on racism. And fashion too, for good measure. https://t.co/IdLWDBL1YO",4,2
"RT @KeithOlbermann: To #Resist we must first stop pretending: A brutal, racist, remorseless regime will take over our country in 65 days htç_",1,2
ç¬Spit On White People!' Steve Harvey CAUGHT In Racist Rant On Shocking Tape https://t.co/BHM7fK9ozH #RadarOnline #1066858 #1,1,0
"RT @GGrucilla: @KillerMartinis çÁBecoming a racist is painless, but unbecoming a racist is excruciatingly painful.ç± - Qwulç¿sihç¿yahç¿m",1,0
"RT @Phil_Lewis_: Teacher calls her black students ""idiot punk ass n*ggers who are going to get shot."" Where/who is this? https://t.co/jZLRNç_",1,0
"Black people cant because we don't even have a system that oppresses other races, we have never been allowed such pç_ https://t.co/GzIib418Eg",1,1
"RT @mmfa: CBS Evening News gives white nationalist a platform, doesn't bother to press him on racist viewsç_ ",4,0
RT @neeratanden: Aren't you kinda jealous that they let a white nationalist like Bannon in and didn't make room for you? https://t.co/mkzZuç_,1,1
"RT @_thxrxa: BLACK is not sad, BLACK is poetic",1,2
"@tedcruz DON'T DECLARE MUSLIM BROTHERHOOD AS TERRORIST ORGANIZATION&amp;FREEZE THEIR ASSETS,BEFORE EGYPT DECLARE SECULAR STATE?",2,2
"RT @thedailybeast: GOP readies law that would ignore same-sex marriage, deny women health care, and fire gay people:ç_ ",3,0
RT @truebluedeluxe: Queens of LGBT https://t.co/UYSkxXYct4,3,1
"RT @thetaylorwade: troy: Jerusalem is in fucking africa how the fuck does jesus have white skin, he's fucking black me: https://t.co/NkVndç_",1,0
RT @tyriquex: THE HISPANIC LIVES (INCLUDING THE NON-US CITIZEN ONES) AND MUSLIM LIVES ARE STILL GOING TO MATTER WHETHER TRUMP WINS THIS ELEç_,4,0
"RT @soledadobrien: Or one news executive say--""maybe my strategy of putting white nationalists on tv unchallenged was not a wise one"" httpsç_",1,1
"RT @JonRiley7: ""I'm not racist I just don't care about hiring non-white people."" -- Republican politicians, probably https://t.co/g4BwwAv4Mi",1,1
RT @Ali_Davis: Trump isn't coming after gay marriage. He's going straight for making LGBT folks second-class citizens. https://t.co/v3ISkaXç_,3,0
RT @JadahJb: Do you feel racism still exists?,4,1
RT @parkjiminslips: they look like that gay couple in school who judge everyone that meets their eye lmao https://t.co/cILmUyN4Hu,3,1
RT @WeNeedTrump: People say Trump winning is white supremacy. This doesn't look like white supremacy to me. Trump won because Americç_ ,1,1
"RT @SaddiqueShaban: Sexism,  bigotry, chauvinism and mediocrity flew freely on live TV, unchecked, since comments don't represent media Houç_",4,0
"RT @HSBC: ""We just have to break the barriers and do what we do best"" - female #entrepreneurs from around the world discuss tç_ ",3,2
Tell me you wouldn't fuck that black booty https://t.co/BfoCgjveJ9,1,0
"RT @FalseNobody: Here, @ShaunKing inadvertently makes the case for white nationalism. https://t.co/dFERlG6iCe",1,0
"RT @tariqnasheed: Here's a video of white supremacist teacher in Maryland who referred to a class full of Black children as ""punk assç_ ",1,0
"RT @alwaystheself: In other words, Obama's entire campaign was a denial of white supremacy. He exploited whites' desire to look away from tç_",1,1
RT @Toya_CEO: @rolandsmartin @newsone @tvonetv @_EugeneCraig This is very disturbing to all the African A community having #SteveBannon inç_,1,0
RT @Zegota42: Too racist to be a judge? No problem. Trump goes full white supremacist w/ Jefferson Beauregard Sessions III for AG. https://ç_,1,0
Me when Donald Trump says he likes Mexican and hates racism https://t.co/aZZ0jk0KVD,1,2
"RT @soledadobrien: Or one news executive say--""maybe my strategy of putting white nationalists on tv unchallenged was not a wise one"" httpsç_",1,2
"RT @bakedalaska: This whole argument that ""you can't be racist to white people"" is not only retarded, but encourages violence &amp; division amç_",1,1
"Hindu nationalists, when will the be stopped? https://t.co/L42V3twjVp",2,1
"RT @andrew_nunez: We really need to get away from this individualization of racism, as if it isn't a structural and endemic part of society.",4,2
"RT @myblackmindd: Kanye West tonight speaking on racism in America. ""Specifically to black people, stop talking about race so much."" https:ç_",1,1
RT @HBCU_Roundtable: PSA !!!! KNUCK IF YOU TF BUCK WHITE AMERICA https://t.co/B7AJgne1UP,1,0
The guy too racist to sit on the Supreme Court is going to do what? https://t.co/5HAZkeDdQM,1,0
"Black people are animals. Not being mean,just a fact most function on a low IQ primal level. https://t.co/26uNc7GSqD",1,0
"RT @trulykhalia: ""No female just texts one nigga"".... https://t.co/yYE4IEDRZ9",4,0
"RT @imraansiddiqi: ICYMI: Mistaken for Muslim, Indian Man Beaten in Islamophobic Attack in Pittsburgh https://t.co/1AT7ccN05o https://t.co/ç_",4,1
"@_haleyprince it was just funny, not that black people get shot. Butttt",1,1
"White folks always tryna ""humble"" black people who are talented and have no problem saying so",1,1
And in closing is miserable to see my people only way to be happy is the think they have to live like a white person,1,0
RT @StewartMcDonald: Assassinated not just for being gay but for standing up for gay rights: 38 years ago today the world was robbed ofç_ ,3,1
RT @GSNCHX: white people wanna be oppressed so bad https://t.co/veZ2GPsi81,1,0
"RT @idkheathens: rt if you're GAY, like cheese, or just want to die",3,0
"RT @mehdirhasan: It was racism &amp; racial resentment, more than economic anxiety, that drove Trump supporters - my new #realitycheck: https:/ç_",4,0
RT @hiitaylorlynn: Fun fact: gay people can be friends with other gay people and not be together lol,3,1
Considering white men have been given all the trophies just for being white &amp; male... https://t.co/NUX4D1jmDE,4,1
"RT @RightWingWeirdo: Only reason I lift anymore is to get ready for the race wars. Strong body, stronger minds",4,2
Fuck White People,1,0
rosa~Negro~ https://t.co/SHdiimQMCR,1,0
"RT @AnnCoulter: NYT: ""ç¬White Nationalism,ç¿ Explained""  I look forward to NYT's explanation of Japan's ""Yellow Nationalism"" next!",1,0
RT @liebrows: white women just contour and highlight until they blend into racial ambiguity,4,0
@tselena0719 LMFAOOOOOOO DUMB  ASS WHITE PEOPLE,1,0
@Petri4Jonathan I have straight white male syndrome,4,1
"RT @america_trump: Since Thanksgiving is now over &amp; Obama's anti-Christian era is coming to an end, we can say 'Merry Christmas' PROUDç_ ",2,2
RT @Trevornoah: And your friend Mike Pence supports torturing Gay people to make them straight. https://t.co/rnsPgQShDJ,3,2
@Saymynae racist.,1,0
@yungPOTUS @dellojello @Sephora lil gay ass nigga SMH,4,0
"@By_Any_Mea ANY BLK PERSON BORN IN USA DON'T HOLD A MASTERS IN THE PRESENT,FUTURE &amp; PAST CLASSES OF CURRENT RACISM R THE BLIND &amp; SELF HATERS",1,0
Don't have white friends but if I did they not saying the n-word https://t.co/bWqxyMEm1R,1,1
"At the next Somali wild n out 22nd Dec .. I wanna see your white , Asian, black friends etc .. Somali's be the funniest people in the world",1,2
"RT @ErikaBaDoIt: ""The African people were slaves and good helpers, the white people asked them to help America"" SON IM CRYING",1,0
asian boys are better,1,0
RT @SadGyalCries: Hilly* - The Help - racist tacky hoe. that's why she ate the shit pie. https://t.co/4n8hDEOB5C,1,0
RT @Fusion: Dallas mayor says white men with guns scare him more than Syrian refugees https://t.co/iYrQRCQVQK https://t.co/sIQTRFXJOy,1,0
"RT @gabbydeniro72: VIDEO: Muslim Migrants Attack Police and Locals in Bautzen, Germany ""MASS STREET BRAWL"" - The Geller Report https://t.coç_",4,1
"All my African American bros getting all the Latinas , when this wave ending ? I need them back",4,1
@ILikeSmoores this is so gay but I still love you,3,2
"RT @Feelingtxt: ""I'm Muslim and people call me terrorist. Do you trust me? If yes, hug me."" https://t.co/GiAGZoTZW8",2,2
"@rayofhopect well of course a Baltimore comedian has to make her joke about racism; eh sorry, I prefer Louis CK's ""nigger/nword"" joke myself",4,2
"RT @mehdirhasan: It was racism &amp; racial resentment, more than economic anxiety, that drove Trump supporters - my new #realitycheck: https:/ç_",4,0
Chicago police officer who fatally shot a black man in the back has been relieved... https://t.co/kf4eLEbznO by #brandelah_ via @c0nvey,1,0
"RT @FalseNobody: Shaun King, a white dude pretending to be black, celebrating Castro, who hated negroes, is a level of nihilist ironç_ ",1,0
RT @Idontgotanyhoes: us hispanic men faithful as fuck,4,0
RT @BisHilarious: Alt Right sounds like a cheat code for a White Supremacy computer game,1,1
RT @BrianMcLight: Black people's ability to turn anything into a joke is a deep rooted coping mechanism.,1,1
"RT @P0TUS: She's got a point, since Romney isn't a member of either the KKK or the Nazis. https://t.co/1xZVBX3IoG",1,1
"RT @pieceofjay: ""If you hate white people so much, then why are you obsessed with white boys?"" https://t.co/WSrRRkInal",1,0
RT @Halfrican_One: How are white people responding to the fact that white nationalism is being done in their name and for them even if theyç_,4,1
"RT @DavidYankovich: We hate Donald Trump like you hated President Obama. However, we hate Trump because he is racist, you hated Obama becaç_",1,1
RT @miamckenzie: RT if you've had white children who've never seen Black people stare wide-eyed at you in public like you're a damn werewolç_,1,0
"@cdniron @DrDavidDuke @Izhevsk_M44 there are much worse ""race haters"" than Jared Taylor and Red Ice, believe me",4,0
@jiminskook well yeah I agree on that but what my point was that person thinks personally that Harry is the biggest male LGBTQ supporter,3,2
"RT @mehdirhasan: It was racism &amp; racial resentment, more than economic anxiety, that drove Trump supporters - my new #realitycheck: https:/ç_",4,0
RT @jonlovett: We're in a national crisis. The next president is an unscrupulous race-baiting jackass surrounded enablers and goons. Stop pç_,4,0
"RT @PatDollard: FLASHBACK: Keith Ellison Calls U.S. Constitution A ""White Racist Conspiracy,"" Proposes A Separate Country For Blackç_ ",4,0
"@FlamesFan87 @dcr8352  @peddoc63 Yeah, saying nice things about a reformed racist is the same as systematic discrimination. Whatever.",4,1
RT @DebHiers1: I'm one of them and am most definitely not even close to a racist! Never have been! https://t.co/H1ol8G7ZTf,1,2
RT @freshprince2531: White ppl aren't the ones getting killed everyday for no reason white people aren't the ones getting discriminatedç_ ,1,0
@SO_MUCH_WINNING  It's right next to the petition to stop white supremacy terrorism and Trump supporters with guns,1,2
RT @carinaalff: ya KNOW... I WAS HAVING A GOOD DAY... TILL I REMEMBERED WE HAVE A WHITE RACIST CLIMATE CHANGE DENYING CHEETO FOR PRESIDENT,1,0
RT @patel_chhagan: Christian Missionaries converts poor Hindus in lacs/Year! Hindus Wake Up &amp; Get UNITED ASAP! #SICKularConversions https:/ç_,2,2
Christian Missionaries are converting Hindus Money for Love Jihad comes from Middle East #SICKularConversions https://t.co/UCftLjXWGG,2,2
RT @calebqwash: @JohnRiversX2 I made this handy guide to help people identify anti-White hate speech. https://t.co/fmurSlvx0b,1,1
"RT @koreyb_asic: Lol even funnier, I don't know if this boy is gay or not. https://t.co/EbCLmbw80Y",3,1
"RT @teenagernotes: a 13-year-old boy comes out to his best friend on text. Ainç¿t nothing wrong with being gay, my friend https://t.co/P5C6eç_",3,2
"Group: Teacher grabbed 5-year-old by neck, called him ""bad Muslim boy"" - CBS News https://t.co/p7L5gDIbFc",2,0
The media is a big reason why racism is still alive,4,1
RT @TheNegan__: Got my fingers crossed for a little lesbian freaky deaky!!! #TheWalkingDead,3,2
RT @jpbrammer: homophobes always referencing sodom and gomorrah as if bringing an end to this country with gay sex would be a bad thing,3,0
"#TylerOakleyIsOverParty Y'all are so mean to him.. as if you've never said anything racist. It was 6 years ago, he apologized, get over it.",4,2
"Kellyanne, I bet your parents are proud of the fact their daughter is working for a racist rapist jackass. Sorry sis. 2 of 2",4,2
"RT @jmsexton_: Trump's worldwide properties raise conflicts of interest and security risks, especially in Muslim countries.ç_ ",2,0
RT @ichizoba: Blows me how people can see a difference between KKK and white Christians but fail to differentiate Muslims and ISIS. Not cooç_,4,1
I'm gay I'm a REBEL.,3,1
Tank all gay in the crowd lusting over the R&amp;B niggas,4,0
Sometimes thinking about racism literally makes me tear up lol,4,2
RT @wavyvinyl: White people who say nigga or nigger- CATCH. THESE. HANDS.- your not fucking cool - goodbye,1,0
"RT @snowdenlit: If you cynically use racism to rise in the world, tell me how you're not a racist. https://t.co/3ggVZhBVsL",4,1
"RT @tyleroakley: 38 years ago, Harvey Milk, the first openly gay man elected in USA, was assassinated. his unapologetic pride &amp; bravery shoç_",3,0
AND U KNOW WHY??? BC BEING A RACIST ASS IS MORE FUN THAN MAKING ACTUAL RESEARCH FOR UR SHITTY SHIP!!,4,0
RT @drcarthan: The Distinction Between Slavery and Race in U.S. History https://t.co/3ReTEzX8F1 via @aaihs,4,1
@LToddWood Racism protest signs cover the globe these days...Its really F*^N  worn out and ridiculous !!!,4,1
"RT @merrittk: what gets me about the whole 'homophobia means fear &amp; i'm not afraid of gays' thing is like, my dude, you absolutely are",3,0
RT @vinnycrack: when I say white you say privilege https://t.co/bHLPqP72k3,1,0
Don't forget while I'm talking about race..White ppl get shot more by cops to blacks... Which makes the whole black lives matter thing fake,1,0
RT @Dont__BeStupid: White ppl go full retarded everyday https://t.co/zzJlIW5hux,1,0
"RT @LATENT_DESIGN: AIA could have advocated for the women, poc, muslims, &amp; youth that they show prominently in their marketing materia‰Û_ ",4,2
"RT @coolmcjazz: When you see hatred and racism, stare in it the face. It probably won't have the courage to look back. https://t.co/px7zoGu‰Û_",4,2
"RT @jesemyx: there is a time for peace and a time to fight back. when half the country supports racism and sexism, you fight back.",3,2
RT @ddale8: Excellent Washington Post campaign fact-checker @myhlee was subjected to a barrage of racism and sexism:‰Û_ ,4,0
"RT @cIoudking: Remember when Obama openly hated a large portion of our country and threatened basic human rights with racism, homo‰Û_ ",4,0
"RT @coolmcjazz: When you see hatred and racism, stare in it the face. It probably won't have the courage to look back. https://t.co/px7zoGu‰Û_",4,2
"RT @Alshehrireham: ""You can't be racist to the people who invented racism"" https://t.co/oe5xZl3B60",3,1
RT @equity4u2: @FoxNews @HowardKurtz @MediaBuzzFNC  Clinton actually socialized sexism and racism to promote her interest and this is the b‰Û_,3,0
RT @TallahForTrump: THIS IS RACISM! I stand with my White brothers and sisters against you SAVAGES! https://t.co/youLlQh93N,1,0
"@savage_Indira @tomtweedie_ @ogrita_ this has to do with the election, not racism. God please help these idiots like you ^_Ùªè_ÙèÈ",4,0
"RT @coolmcjazz: When you see hatred and racism, stare in it the face. It probably won't have the courage to look back. https://t.co/px7zoGu‰Û_",4,2
"RT @uptownSM: ""Trump Rules Trump Black Bitch"" --Funny how Trump supporters wont address this at all. Pretending racism doesnt exi‰Û_ ",1,1
"RT @Harryslaststand: As long as their is poverty, oppression, sexism &amp; racism in Britain you aren't remembering the dead but forgetting the‰Û_",3,1
"RT @bnfvd: Replace ""white people"" with any other race in these tweets and imagine the outrage. This is Racism. https://t.co/YN5CErXD4C",1,1
"@Veteran4Trump ""Hate"" division, racism, bigotry, sexism &amp; anti-Americanism all come from Marxist brainwashed youth‰Û_ https://t.co/Cj9gYiWnQ3",4,0
"RT @coolmcjazz: When you see hatred and racism, stare in it the face. It probably won't have the courage to look back. https://t.co/px7zoGu‰Û_",4,2
"Yep, I agree. That is one of the main problem today and the root causes of #populism and #racism. I give details in‰Û_ https://t.co/hR0ZVJ8lxa",4,1
RT @WesleyLowery: voting to endorse explicitly racist policies requires either personal desire for racist policies or apathy concerning the‰Û_,3,1
RT @equity4u2: @FoxNews @realDonaldTrump Clinton actually socialized sexism and racism to promote her interest and this is the back lash,3,1
"RT @bubzlightyear: since no one is talking about the hatred and racism going on at Plano Senior High School, im here to shine the light and‰Û_",4,1
RT @DrakoTsunami: If he finessed off of racism just to backtrack this might be the biggest plot twist in American History https://t.co/bP2Q‰Û_,4,1
"SIGN: Stand in solidarity against @realDonaldTrump's agenda of fascism, racism, sexism &amp; xenophobia. https://t.co/tLg7LlYue3 #ElectionDay",3,2
"The whole ""deplorable"" narrative is quite a big basket.  1 million fewer blacks voted for Clinton than Obama.  Fewe‰Û_ https://t.co/hLIkISvKLx",1,1
"RT @alwaystheself: Not ""race"". White supremacy. Not ""a racial divide"". White supremacy. Not ""racial overtones"". White supremacy. Not ""racis‰Û_",1,0
"RT @samswey: .@facebook @twitter @reddit what's your plan to stop the radicalization of people on your platforms, given the rise in racism/‰Û_",4,1
"RT @bnfvd: Replace ""white people"" with any other race in these tweets and imagine the outrage. This is Racism. https://t.co/YN5CErXD4C",1,1
@DOEDoobs the only thing whites created that they don't take credit for is..racism_ÙÕÛ,1,0
"@metallicat923 @JLester34 @JArrieta34 oh, shut the fuck up. He's in support of a man who thinks sexual assault and racism are okay.",4,1
"RT @bnfvd: Replace ""white people"" with any other race in these tweets and imagine the outrage. This is Racism. https://t.co/YN5CErXD4C",1,0
"""Trump hasn't created more racism, he's created a safe, mainstream platform"" - the former leader of a neo-Nazi gang‰Û_ https://t.co/hlz2YeNg7v",4,0
"RT @coolmcjazz: When you see hatred and racism, stare in it the face. It probably won't have the courage to look back. https://t.co/px7zoGu‰Û_",4,0
"RT @ALSTON2008: Ya mcm like Donald trump cause he ""played"" racist white folks, nevermind his inciting of violent racism nationwide.",4,0
"RT @bnfvd: Replace ""white people"" with any other race in these tweets and imagine the outrage. This is Racism. https://t.co/YN5CErXD4C",1,0
"RT @coolmcjazz: When you see hatred and racism, stare in it the face. It probably won't have the courage to look back. https://t.co/px7zoGu‰Û_",4,2
"RT @gamernoodle: It's not ""leftist"" to reject: fascism, bigotry, misogyny, racism It's common decency #bbcqt",1,2
"RT @coolmcjazz: When you see hatred and racism, stare in it the face. It probably won't have the courage to look back. https://t.co/px7zoGu‰Û_",4,2
"RT @coolmcjazz: When you see hatred and racism, stare in it the face. It probably won't have the courage to look back. https://t.co/px7zoGu‰Û_",4,2
"RT @GillianAndersvn: And given our privilege, we should be using it to help people that need us, instead of pretending that reverse racism‰Û_",4,2
"RT @lhfang: Donald Trump is a product of neoliberalism gone wild, not just racism. A global phenomenon. Gary Younge explains: https://t.co/‰Û_",4,1
"@katekilla like living life unafraid of bullshit post modernist narratives? Yes, we could be great if we stopped caring about ""racism""",4,0
"RT @XLNB: Economics is a nice excuse to mask the driving factor in their vote, racism. All Trump did was say he'd fix things &amp; blame it on‰Û_",4,1
"RT @coolmcjazz: When you see hatred and racism, stare in it the face. It probably won't have the courage to look back. https://t.co/px7zoGu‰Û_",4,2
"RT @coolmcjazz: When you see hatred and racism, stare in it the face. It probably won't have the courage to look back. https://t.co/px7zoGu‰Û_",4,2
RT @realJKCallaway: More showings of racism and violence towards minorities across the country and not a peep from president-elect #BoldPre‰Û_,4,0
"RT @coolmcjazz: When you see hatred and racism, stare in it the face. It probably won't have the courage to look back. https://t.co/px7zoGu‰Û_",4,2
@JoshayaGirl @bnfvd idiot ..racism is racism which is exactly why they didn't like trump.  Yet they are racist . U idiot,3,1
RT @RevDrBarber: This is where we must be honest about the depth of racism and the psychic sickness of our country.,4,1
RT @DrakoTsunami: If he finessed off of racism just to backtrack this might be the biggest plot twist in American History https://t.co/bP2Q‰Û_,4,2
"RT @ArevaMartin: Bravo Facebook in your decision to stop ads that target, exclude races! There is no place in our country for racism! https‰Û_",4,2
"RT @coolmcjazz: When you see hatred and racism, stare in it the face. It probably won't have the courage to look back. https://t.co/px7zoGu‰Û_",4,2
RT @Sumseason: Peaceful protest at Wayne State's undergrad library in Detroit at 5pm. We are unifying to denounce racism/discrimin‰Û_ ,4,1
@LtGeneralRaging @ShaunKing Shaun king states facts. You are more concerned with defending racists than eradicating racism. Re-evaluate.,4,2
RT @tillystewart_: Racism towards white people is deemed acceptable it really fucking annoys me,1,1
"RT @hollyrpeete: Have you disciplined those hateful students yet?  Not enough just to ""reflect"". Weed out perpetrators of racism on‰Û_ ",4,2
"RT @coolmcjazz: When you see hatred and racism, stare in it the face. It probably won't have the courage to look back. https://t.co/px7zoGu‰Û_",4,2
"RT @coolmcjazz: When you see hatred and racism, stare in it the face. It probably won't have the courage to look back. https://t.co/px7zoGu‰Û_",4,2
"RT @MarinaDiamandis: We all need to be our best selves from now on +  work together for our HUMAN RIGHTS. Racism, Mysogyny + Homophobia =‰Û_",3,2
you cant fucking sit here and tell me that islamophobia isnt deeply rooted in racism,4,1
"RT @lhfang: Donald Trump is a product of neoliberalism gone wild, not just racism. A global phenomenon. Gary Younge explains: https://t.co/‰Û_",4,1
"@KhamsKid @prismg0d what's the difference between those ""Hitlary"" has allegedly killed &amp; the spirits Americans are killing with their racism",4,0
@sarahcwestwood Until the idea that racism is a white only phenomena is rejected the racial and ideological divide will only deepen,1,1
Much the same could be said of Canada. https://t.co/OIvspp0aYF,4,1
RT @jamalrustler: This is exactly why Trump won. This is the hatred and racism that calls itself progressive in our country‰Û_ ,4,1
RT @RubinReport: Apparently they've learned nothing. All they got left is buzzwords and violence. https://t.co/fWwYAOKMqQ,4,1
"RT @coolmcjazz: When you see hatred and racism, stare in it the face. It probably won't have the courage to look back. https://t.co/px7zoGu‰Û_",4,2
"RT @PuestoLoco: March to #ShutDownTrumpInauguration - Wash DC, Dark Friday, Jan 20, 2017. Be there to stop the steam roll of fascis‰Û_ ",4,1
"RT @CNN: .@SenSanders: I will vigorously oppose Trump if he appeals to racism, sexism, or other discriminatory measures https://t.co/kD1h5G‰Û_",3,1
RT @DrakoTsunami: If he finessed off of racism just to backtrack this might be the biggest plot twist in American History https://t.co/bP2Q‰Û_,4,1
@_mvker if you voted for trump you are either racist or okay with racism which is just as bad. so truly you can choke.,3,0
"RT @coolmcjazz: When you see hatred and racism, stare in it the face. It probably won't have the courage to look back. https://t.co/px7zoGu‰Û_",4,2
"RT @coolmcjazz: When you see hatred and racism, stare in it the face. It probably won't have the courage to look back. https://t.co/px7zoGu‰Û_",4,2
Sadly until now racism is still a major problem in this world _Ù÷Ó,4,1
RT @SikhProf: Friends and allies: please take a moment to watch this short film on how Sikhs experience racism in post-9/11 Ameri‰Û_ ,4,1
"""...we showed up at the polls &amp; fell in line...66% white women voted 4 racism, xenophobia, misogyny &amp; incompetence."" https://t.co/jXX6HwR1ct",4,0
RT @jelani9: You‰Ûªre missing the point. If 59m people empower a racist it‰Ûªs irrelevant whether they are or not. Danger is the same https://t‰Û_,3,1
"RT @coolmcjazz: When you see hatred and racism, stare in it the face. It probably won't have the courage to look back. https://t.co/px7zoGu‰Û_",4,2
RT @Kijjasupat: Racism ˆüÑˆüµˆ_öˆü_ˆü±ˆüàˆüÅˆü_ˆü©ˆüÅˆ_àˆüÁˆüµˆ_Ûˆü¢ˆü_ˆü¡ ˆ_Ûˆüãˆü¢ˆ_Ûˆüöˆü_ˆ_ÛˆüÓˆü«ˆüªˆü_ˆü¢ˆü_ˆ_öˆ_Ûˆüöˆü_ˆü_ˆ_äˆü_ˆ_Ûˆüâˆ_äˆü_ˆüÁˆü_ˆüÓˆ_öˆü_ˆü_ˆü_ˆüÅˆüÅˆü´ˆü±ˆü_ˆü_ˆü£ˆü¡ˆ_ÛˆüÑˆü¬ˆ_ãˆü_ˆ_ãˆü£ˆüàˆüµˆ_ä ˆ_Ûˆü£ˆü_ˆüÅˆ_àˆüÑˆü_ˆüÇˆüªˆ_äˆü_ˆ_Ûˆüäˆü¢ˆ_  ˆ_Åˆü´ˆü¡ˆü_ˆü_ˆüÅˆü_ˆ_äˆü_ˆü_ˆ_öˆü_ ˆüãˆü_ˆü¢ ˆ_Ûˆü_ˆ_àˆüªˆüÊˆü_ˆü©ˆü_ˆ_ãˆüÑˆü¢ˆ_Åˆü´ˆ_äˆü_‰Û_,4,1
RT @scuttlebuttt: I wonder if @realDonaldTrump is going to publicly speak out against the racism and sexism that's happening in his name ri‰Û_,3,0
RT @EvrydayFeminism: How Your ‰Û÷Interest‰Ûª in Other Cultures Can Perpetuate #Racism with #CulturalVoyeurism by @AndrewHernann https://t.co/83‰Û_,4,1
@gavenedmonds @nicholasCs no it would just be pure racism lol,4,1
"RT @Bakari_Sellers: When your pops nearly dies fighting bigotry and racism, then holler at me. Until then let's just agree to make this‰Û_ ",1,1
"""VERBALLY ASSAULTED""Do you mean spoken to?Assault is AN ACTION, like the riots in Portland.Denounce violence and‰Û_ https://t.co/6obQaLyBFJ",4,0
Amen https://t.co/bGcrfydhWJ,4,1
"RT @bnfvd: Replace ""white people"" with any other race in these tweets and imagine the outrage. This is Racism. https://t.co/YN5CErXD4C",1,0
RT @Iongheath: @bnfvd reverse racism doesn't exist but nice try tho,4,1
RT @tariqnasheed: So many good white ppl are silent about racism because brave ppl like Grubhub CEO #MattMaloney get scorned if they speak‰Û_,1,1
"RT @coolmcjazz: When you see hatred and racism, stare in it the face. It probably won't have the courage to look back. https://t.co/px7zoGu‰Û_",4,2
"RT @alwaystheself: Once you understand racism structurally, you can begin to confront it in your institutions, political party, neighborhoo‰Û_",4,2
"RT @coolmcjazz: When you see hatred and racism, stare in it the face. It probably won't have the courage to look back. https://t.co/px7zoGu‰Û_",4,2
"I'm all for people bitching about things (what's social media for?), but don't discount racism as if it's nonexistent",4,1
@Agesileao Reported to twitter for racism https://t.co/vQ0MdoJltb,4,1
RT @amiraminiMD: It is NOT JUST RACISM that elected DT. How fucking blind are people? HRC mainly lost b/c people were fed up w/ esta‰Û_ ,4,0
RT @TallahForTrump: THIS IS RACISM! I stand with my White brothers and sisters against you SAVAGES! https://t.co/youLlQh93N,1,1
Really liberals? https://t.co/pXutdURq4Z,4,1
"RT @coolmcjazz: When you see hatred and racism, stare in it the face. It probably won't have the courage to look back. https://t.co/px7zoGu‰Û_",4,2
RT @Brasilmagic: Mitt Romney says Donald Trump will change America with 'trickle-down racism'  https://t.co/8DprQ7UGnb,4,1
RT @NICKIMINAJ: racism is alive &amp; well,4,1
"RT @tariqnasheed: So now the white supremacists are punishing the Grubhub CEO for going ""off-code"" &amp; speaking against racism. This is how r‰Û_",1,2
"RT @Russian_Starr: Dear white media,1. Hate isn't normal.2. It's OK to call Trump a racist.3. Fear can be driven by racism.4. Trump is‰Û_",4,1
"RT @meraivy: If he's lying about everything he has said, then awesome great, but he's already awoken so much racism and hatred. There's no‰Û_",4,1
RT @torpordust: https://t.co/wijK7PcION good tumblr thread about being white &amp; trying to engage with/educate other white ppl about politics‰Û_,1,1
"RT @clearlyiconic: there's a whole other side of twitter that believes racism is race-baiting, sexism is a fallacy, and white privileg‰Û_ ",4,0
RT @PupspurJeanette: @talk2meradiouk unbelievable racism going on calling illegal migrants ILLEGAL Jesus wept they are just undocumented!!‰Û_,4,0
"I don't understand why we are not making this world so that everyone's equal and there's no racism , discrimination or violence_ÙÎ_",3,1
RT @fivefifths: What would you prefer? Racism-adjacent? A hint of race? Racism-infused? https://t.co/JRjuhwZ4rW,1,2
‰ÛÏAmerica asked us: ‰Û÷How do you prefer your racism‰Û_‰ÛÓ‰Û_blatant or systemic?‰Ûª‰Ûù‰Û_‰ÛÓ‰Û_Courtney Parker West https://t.co/0AHcuQJkPm,4,0
"RT @coolmcjazz: When you see hatred and racism, stare in it the face. It probably won't have the courage to look back. https://t.co/px7zoGu‰Û_",4,2
"RT @coolmcjazz: When you see hatred and racism, stare in it the face. It probably won't have the courage to look back. https://t.co/px7zoGu‰Û_",4,2
"RT @clbolton4: Protesting ""racism"" with racism? Ignorance.",4,1
RT @Sadieisonfire: just found out that trump is a racism I can't believe he is going 2 be presdinent,4,1
"""If you voted for a racist candidate, you are either an unabashed racist or you are complicit in racism"" https://t.co/IcaVc0pcwm",3,0
"RT @FinallyFirmino: It's not 'fascist' to reject:Communism, Socialism, GlobalismIt's common decency... https://t.co/3qwN067paZ",4,0
"RT @Coondawg68: These fucking people... ""Everything's racist was a mistake. Because everything's racist."" Go fuck yourself. https://t.c‰Û_",3,0
RT @Brasilmagic: Mitt Romney says Donald Trump will change America with 'trickle-down racism'  https://t.co/8DprQ7UGnb,4,0
"RT @coolmcjazz: When you see hatred and racism, stare in it the face. It probably won't have the courage to look back. https://t.co/px7zoGu‰Û_",4,1
&amp; that wasn't just MLK. You think LBJ would've signed Civil Rights legislation w/o protest? https://t.co/MPL5y0TD7R,4,1
https://t.co/QIhcfzNklx RT https://t.co/iFy11mYus6,4,1
"RT @emrutherford90: This is how it feels in America in 2016, reverse racism is REAL and POWERFUL#FacingRace https://t.co/ewfLJuoILq",4,0
"described *exactly* by evolution and ecological niches, see chapter 1  'this explains everything', Editor: John Bro‰Û_ https://t.co/cQC6QFZBei",4,1
RT @gabbyscheyen: Yes yes yes to this thread https://t.co/J0La9XHEVy,4,1
"""I have heard Northern newcomers reveal racism when they deride locals in my county for sounding 'like black ppl."" https://t.co/6NpTZeZzsT",1,1
Signal your opposition to racism with a simple safetyåÊpin https://t.co/0DRTmibgdt https://t.co/WVGNPFdAZJ,4,1
@FlyByKnite If you lose states who voted for the black guy twice it's not all racism. Bernie had big support up there &amp; she ignored them.,1,1
This is so important https://t.co/vVTtb0bKCE,4,1
"RT @coolmcjazz: When you see hatred and racism, stare in it the face. It probably won't have the courage to look back. https://t.co/px7zoGu‰Û_",4,1
"Sick &amp; tired of people saying this election was about Racism!  It was about Policy! And not wanting a Felon, liar, &amp; globalist in the WH! _Ùà__Ùàü",4,2
RT @Kijjasupat: Racism ˆüÑˆüµˆ_öˆü_ˆü±ˆüàˆüÅˆü_ˆü©ˆüÅˆ_àˆüÁˆüµˆ_Ûˆü¢ˆü_ˆü¡ ˆ_Ûˆüãˆü¢ˆ_Ûˆüöˆü_ˆ_ÛˆüÓˆü«ˆüªˆü_ˆü¢ˆü_ˆ_öˆ_Ûˆüöˆü_ˆü_ˆ_äˆü_ˆ_Ûˆüâˆ_äˆü_ˆüÁˆü_ˆüÓˆ_öˆü_ˆü_ˆü_ˆüÅˆüÅˆü´ˆü±ˆü_ˆü_ˆü£ˆü¡ˆ_ÛˆüÑˆü¬ˆ_ãˆü_ˆ_ãˆü£ˆüàˆüµˆ_ä ˆ_Ûˆü£ˆü_ˆüÅˆ_àˆüÑˆü_ˆüÇˆüªˆ_äˆü_ˆ_Ûˆüäˆü¢ˆ_  ˆ_Åˆü´ˆü¡ˆü_ˆü_ˆüÅˆü_ˆ_äˆü_ˆü_ˆ_öˆü_ ˆüãˆü_ˆü¢ ˆ_Ûˆü_ˆ_àˆüªˆüÊˆü_ˆü©ˆü_ˆ_ãˆüÑˆü¢ˆ_Åˆü´ˆ_äˆü_‰Û_,4,1
You're an idiot if you believe this crap. https://t.co/8vw5eMwZDP,4,1
RT @jbouie: ...that vocal racism or misogyny is some signifier of anti-elitism.,4,1
RT @shutupgunther: Stop dismissing racism with the notion of best intentions and be accountable to your socialized biases,4,2
"RT @coolmcjazz: When you see hatred and racism, stare in it the face. It probably won't have the courage to look back. https://t.co/px7zoGu‰Û_",4,2
RT @br3daly: important https://t.co/KmjApYVYeo,4,2
RT @farai: https://t.co/TZZ9P8ECMi,4,1
RT @DrakoTsunami: If he finessed off of racism just to backtrack this might be the biggest plot twist in American History https://t.co/bP2Q‰Û_,4,1
RT @TallahForTrump: THIS IS RACISM! I stand with my White brothers and sisters against you SAVAGES! https://t.co/youLlQh93N,1,0
RT @JamesRoseNYC: Pink Floyd being very prescient over 30 years ago. #Racism #sexism #homophobia #Trumpism #PinkFloydTheWall‰Û_ ,3,0
"RT @colesprouse: Protest racism, protest xenophobia, protest homophobia, protest inequality, protest hate, protest hate, protest hate, but‰Û_",3,1
RT @torpordust: https://t.co/wijK7PcION good tumblr thread about being white &amp; trying to engage with/educate other white ppl about politics‰Û_,1,2
"RT @charles_gaba: Not all Trump supporters are racist, but all of them decided that racism isn‰Ûªt a deal-breaker. End of story. https://t.co‰Û_",3,1
"RT @coolmcjazz: When you see hatred and racism, stare in it the face. It probably won't have the courage to look back. https://t.co/px7zoGu‰Û_",4,0
RT @LiahhThomas: This is Real! Racism is real!! I don't care what you say. This video was taken at University of Oregon in front of‰Û_ ,4,2
RT @tariqnasheed: So many good white ppl are silent about racism because brave ppl like Grubhub CEO #MattMaloney get scorned if they speak‰Û_,1,0
"RT @alwaystheself: But white anti-racists shouldn't think of ""the work"" as going around reforming racists. You need to start with your own‰Û_",1,2
Internalized racism often expresses itself through questioning competence - C&amp;S #RenfrewConf,4,0
"RT @coolmcjazz: When you see hatred and racism, stare in it the face. It probably won't have the courage to look back. https://t.co/px7zoGu‰Û_",4,1
"RT @coolmcjazz: When you see hatred and racism, stare in it the face. It probably won't have the courage to look back. https://t.co/px7zoGu‰Û_",4,2
RT @PenTherapee: That's why I can only be but somewhat frustrated w the outcome and definitely not surprised! Donald nem giving me a‰Û_ ,4,2
"RT @daniecal: Racism doesn't exist to a racist until it's ""racism against whites"". Their penchant for self victimization is unparalleled",4,1
"RT @ThePlumLineGS: Have any of our working class white whisperers written on how Ds can ""connect"" w/o ceding criticism of racism, misogyny,‰Û_",1,0
RT @futurafree: an explanation of how reverse racism doesnt work in under 30 seconds https://t.co/Hjrw8B3fOT,4,1
"RT @coolmcjazz: When you see hatred and racism, stare in it the face. It probably won't have the courage to look back. https://t.co/px7zoGu‰Û_",4,1
"RT @crushingbort: We stopped xenophobic racism when we beat Mitt Romney, we did it when we beat John McCain, and we did it when we beat Hil‰Û_",4,2
RT @HecksNawBro: You prolly did that yourself lol https://t.co/Lk84T330MV,4,2
RT @WesleyLowery: voting to endorse explicitly racist policies requires either personal desire for racist policies or apathy concerning the‰Û_,3,1
@CRGuarino  The premise @ShaunKing is pushing is that all of the sudden there's an explosion racism because Trump was elected.,4,0
@LaLiga000Taj On their opinions on racism since you said they will just exaggerate anyway. (2/2) Head in sand preferred,4,0
"RT @mindyisser: when u GOTVd for Hillary because u ""hate racism"" but are now helping to fund white supremacists _Ù_Ó_Ù_Ó_Ù_Ó_Ù_Óhttps://t.co/tZEbyUH8‰Û_",1,1
"If you voted #Trump to protest wealth inequality &amp; the loss of democracy in America, we can work together. If you voted for racism, HELL NO.",4,1
RT @alwaystheself: Every (white) person lives and works in spaces that are fundamentally shaped by racism. Your first step is to stop denyi‰Û_,4,0
"RT @colesprouse: Protest racism, protest xenophobia, protest homophobia, protest inequality, protest hate, protest hate, protest hate, but‰Û_",3,0
"RT @coolmcjazz: When you see hatred and racism, stare in it the face. It probably won't have the courage to look back. https://t.co/px7zoGu‰Û_",4,2
"RT @coolmcjazz: When you see hatred and racism, stare in it the face. It probably won't have the courage to look back. https://t.co/px7zoGu‰Û_",4,2
"RT @coolmcjazz: When you see hatred and racism, stare in it the face. It probably won't have the courage to look back. https://t.co/px7zoGu‰Û_",4,2
"RT @coolmcjazz: When you see hatred and racism, stare in it the face. It probably won't have the courage to look back. https://t.co/px7zoGu‰Û_",4,2
"RT @BrentNYT: The Klan celebrates Trump - but no, none of this was ever about racism, was it? https://t.co/aJRNTrBfUt https://t.co/zAF4qovE‰Û_",4,2
"RT @LeonXDavis: I am not here for MY version of America, I am here to understand and build. But also going to make sure we address the blat‰Û_",4,1
RT @KeiferLirette: Imagine being so privileged that someone's racism is seen as a minor character flaw rather than an absolute deal breaker‰Û_,4,1
"#TFW U realize ur football coach helped make ur gov't whiter, older &amp; less intellectually qualified &amp; maybe that ai‰Û_ https://t.co/2PAk8RLifz",4,1
Racism is alive today because they still teach it in our schools. They still teach it at home.,4,1
"RT @coolmcjazz: When you see hatred and racism, stare in it the face. It probably won't have the courage to look back. https://t.co/px7zoGu‰Û_",4,0
"RT @docrocktex26: We continually rely on systems rooted in racism then wonder why racism is alive and well. At what point is enough enough,‰Û_",4,2
"It's not Pro-trump its pro hate, pro racism, and threatens people's safety ...... #Shame on @TheSpec  https://t.co/DFwkdY6uGn",4,0
"RT @coolmcjazz: When you see hatred and racism, stare in it the face. It probably won't have the courage to look back. https://t.co/px7zoGu‰Û_",4,0
"RT @lex_looper: Donald Trump as president will not make the system more racist, all he has done and will do is normalize overt racism.",3,2
"RT @coolmcjazz: When you see hatred and racism, stare in it the face. It probably won't have the courage to look back. https://t.co/px7zoGu‰Û_",4,0
"RT @Nick_Goodman18: Crying ""racism"" and ""fearing for our lives"" yet its a 64 year old Trump voter whose beaten up by black teens and th‰Û_ ",1,2
"RT @alwaystheself: Not ""race"". White supremacy. Not ""a racial divide"". White supremacy. Not ""racial overtones"". White supremacy. Not ""racis‰Û_",1,2
RT @jbouie: The people with less of an ability to dog whistle will outright argue that anti-racism &amp; feminism are elitism. https://t.co/Drf‰Û_,3,2
"@letroisieme3 racism has nothing to do with 'left' or 'right', dipshit... so, what do you call reckless irrational fear of immigrants? #DUH.",4,1
@JasperAvi @TheFix ...So it's not true that the OP was merely claiming that racism isn't a huge issue for Trump voters.,4,0
"@drewwyatt ""Hate"" division, racism, bigotry, sexism &amp; anti-Americanism all come from the Marxist brainwashed youth‰Û_ https://t.co/tuUPc3fvZt",4,0
RT @BauervanStraten: the best thing about twitter? the BLOCKED button. If you are allergic to facts...I get to pretend u don't exist. Im do‰Û_,4,2
"Good Morning America you are so hypocrite. Now he is a saint after all the insults racism, sexist and Hate that Trump vomited all lastmonths",3,1
"RT @scalzi: For the pm crowd: The Cinemax Theory of Racism:https://t.co/QaTOjHdE5NOr, why voting for a racist reflects poorly on your l‰Û_",3,0
"RT @Russian_Starr: Dear white media,1. Hate isn't normal.2. It's OK to call Trump a racist.3. Fear can be driven by racism.4. Trump is‰Û_",4,1
"Sad as it gets--but expected. Trump has normalized racism, misogyny, religious intolerance &amp;xenophobia. Disgusting! https://t.co/RSLYbIu6Ir",2,2
@CourtMerrigan instead of taking away his platform. That is a vote for rather than against a new America. They legitimized racism thru POTUS,4,0
"RT @colesprouse: Protest racism, protest xenophobia, protest homophobia, protest inequality, protest hate, protest hate, protest hate, but‰Û_",3,1
@voxdotcom Do you not know about her racism?,4,2
"RT @coolmcjazz: When you see hatred and racism, stare in it the face. It probably won't have the courage to look back. https://t.co/px7zoGu‰Û_",4,1
RT @WesleyLowery: voting to endorse explicitly racist policies requires either personal desire for racist policies or apathy concerning the‰Û_,3,2
"RT @coolmcjazz: When you see hatred and racism, stare in it the face. It probably won't have the courage to look back. https://t.co/px7zoGu‰Û_",4,0
"What's that old saying? Misogyny, racism, hatred, and white nationalism in- Misogyny, racism, hatred, and white nationalism out.",1,2
"RT @Elle_Lo: Be aware coverage of racism is still being skewed as ""Support for Pres. Elect."" Kids chanting ""build that wall"" was called ""su‰Û_",4,2
"RT @scrowder: Dear #SJWs, Trump didn't get elected because RACISM. You idiots! #TrumpRiot #DailyCrowder &gt;&gt; https://t.co/F3whM1tRSI https://‰Û_",4,0
"RT @minfyuk: If you're honestly supporting trump then unfollow me ,,,, idc I'm not gonna follow ppl who justify racism,rape, and homophobia‰Û_",4,1
RT @tariqnasheed: So many good white ppl are silent about racism because brave ppl like Grubhub CEO #MattMaloney get scorned if they speak‰Û_,1,1
"RT @coolmcjazz: When you see hatred and racism, stare in it the face. It probably won't have the courage to look back. https://t.co/px7zoGu‰Û_",4,2
RT @1955stillalive: Keep fighting.  But non- criminal. Do so peacefully otherwise he wins https://t.co/ti0CagLidM,4,2
"Oh, my goodness. Never thought I'd do this. Retweeting Romney. Here I go... https://t.co/uRwW2o5hTi",4,2
I liked a @YouTube video from @tigero_tiger https://t.co/UEFHiiOB5c Examination of ANTI-WHITE HATE &amp; BLACK RACISM,1,1
@gtorres25 I hope you're as critical of the racism in the Left as you are of that in the Right then.,4,2
"RT @bnfvd: Replace ""white people"" with any other race in these tweets and imagine the outrage. This is Racism. https://t.co/YN5CErXD4C",1,2
@JanellePierzina @wordsanddeeds2 Obama didn't run under a policy of hatred and racism. YOUR president did!,4,0
"RT @michaelshermer: The great linguist John McWhorter on ""The recreational use of ‰Û÷racism‰Ûª"" https://t.co/4s1X3543hM https://t.co/tFQZscC3bv",4,1
"RT @apurposefulwife: Innocent students have ""white power"" shouted AT them, the media lies and blames it on them. This is deep anti white‰Û_ ",1,1
"RT @scalzi: For the pm crowd: The Cinemax Theory of Racism:https://t.co/QaTOjHdE5NOr, why voting for a racist reflects poorly on your l‰Û_",3,0
RT @jamalrustler: This is exactly why Trump won. This is the hatred and racism that calls itself progressive in our country‰Û_ ,4,1
RT @jelani9: You‰Ûªre missing the point. If 59m people empower a racist it‰Ûªs irrelevant whether they are or not. Danger is the same https://t‰Û_,3,0
RT @WesleyLowery: voting to endorse explicitly racist policies requires either personal desire for racist policies or apathy concerning the‰Û_,3,0
"""Trump is the president. No more racism for white people"" LOL",1,0
RT @WesleyLowery: voting to endorse explicitly racist policies requires either personal desire for racist policies or apathy concerning the‰Û_,3,2
"RT @alwaystheself: Not ""race"". White supremacy. Not ""a racial divide"". White supremacy. Not ""racial overtones"". White supremacy. Not ""racis‰Û_",1,0
RT @Grand_Cru1: Exactly so we can see them and their agents coming _ÙÕø https://t.co/bIBPD8oVrd,4,2
RT @wisdom2m3: So tired of the bullshit smears I always hear from Africans https://t.co/5qCj6vv73x,4,1
RT @FearlessEnding: Reverse. Racism. Doesn't. Exist.,4,0
"RT @EDdotSE: Is there one story of racism after the election that is real, besides the racism and violence toward white people? https://t.c‰Û_",1,0
"RT @adrianFchisholm: Racism in america still does exsist and whether youre too ignorant to see it or just plain dumb, something has to be d‰Û_",4,0
"RT @Russian_Starr: Dear white media,1. Hate isn't normal.2. It's OK to call Trump a racist.3. Fear can be driven by racism.4. Trump is‰Û_",4,1
"RT @colesprouse: Protest racism, protest xenophobia, protest homophobia, protest inequality, protest hate, protest hate, protest hate, but‰Û_",3,2
"#Racist signs found above #Water fountains at #Florida: https://t.co/7Y0lMzD1G8, https://t.co/wiAqpBKPv7 https://t.co/4Ti2oxwG9R",3,2
RT @mccormick_ted: Much the same could be said of Canada. https://t.co/OIvspp0aYF,4,1
"RT @Dazed: ""Trump hasn't created more racism, he's created a safe, mainstream platform"" - the former leader of a neo-Nazi gang‰Û_ ",4,1
"RT @dtramp45: trump blew his chance by showing his unequivocal support and encouragement for racism, bigotry and misogyny. he's d‰Û_ ",1,2
"If I yell fire in a crowded theatre that is incitement not free speech what the morons do is not free speech its threats, violence &amp; racism.",4,1
RT @polotek: How did we get here? Why is the white community so divided? Because y'all decided racism was over without ever addressing it.,1,0
"RT @colesprouse: Protest racism, protest xenophobia, protest homophobia, protest inequality, protest hate, protest hate, protest hate, but‰Û_",3,1
RT @apihtawikosisan: Even your most anti-racist white friend isn't magically above the racism they've been socialised into. It's a constant‰Û_,1,2
"The fact that young children are openly spreading hate and racism is scary. America what have you done _Ù÷_‰Û_ https://t.co/t3RbS3zaqk",4,0
"RT @pzmyers: I'm staggered that pointing out Trump's flaming racism is now called ""hyperbole"". This is how evil is normalized.",4,1
"RT @bnfvd: Replace ""white people"" with any other race in these tweets and imagine the outrage. This is Racism. https://t.co/YN5CErXD4C",1,1
"the words ""bigotry"", ""racism"", ""hatred"" are unpersuasive cos hatred, to the hater, is perversely pleasurable + nobody ever bales on pleasure",1,0
"Lots of good people in Portland, lots of privilege, lots of anger and more racism than anyone likes to admit.",4,0
"@MacLeod4TRUMP @ParentInternet @JeffreyGuterman Trump, filth is his moral compass. He stands on grounds littered with racism misogyny &amp; hate",4,1
@JavierO94973257 @juan_czp @5ft1andpetty @BlackGAesthetic how does this relate to you insinuating that racism is not caused by racists?,4,1
"RT @scrowder: Dear #SJWs, Trump didn't get elected because RACISM. You idiots! #TrumpRiot #DailyCrowder &gt;&gt; https://t.co/F3whM1tRSI https://‰Û_",4,1
RT @FearlessEnding: Reverse. Racism. Doesn't. Exist.,4,1
"RT @JetSetJasmine: Those people don't understand that sexual, racism &amp; classism is vital part of sexual health &amp; wellness.Politics dic‰Û_ ",4,0
"RT @charles_gaba: Not all Trump supporters are racist, but all of them decided that racism isn‰Ûªt a deal-breaker. End of story. https://t.co‰Û_",3,0
RT @MattMcGorry: White folks- stop telling black folks that not all white people are racist &amp; start PROVING IT by showing up/organizing to‰Û_,1,0
"RT @bnfvd: Replace ""white people"" with any other race in these tweets and imagine the outrage. This is Racism. https://t.co/YN5CErXD4C",1,0
"RT @boogszace: Dead ass my reaction to any racism come January 2017 https://t.co/NpaRh4GRwA",4,0
"RT @Dazed: ""Trump hasn't created more racism, he's created a safe, mainstream platform"" - the former leader of a neo-Nazi gang‰Û_ ",4,0
"RT @coolmcjazz: When you see hatred and racism, stare in it the face. It probably won't have the courage to look back. https://t.co/px7zoGu‰Û_",4,2
"RT @ThePlumLineGS: Have any of our working class white whisperers written on how Ds can ""connect"" w/o ceding criticism of racism, misogyny,‰Û_",1,2
RT @Brasilmagic: Mitt Romney says Donald Trump will change America with 'trickle-down racism'  https://t.co/8DprQ7UGnb,4,1
Lmao I'm so mad that made me laugh https://t.co/RSZvf395JZ,4,0
RT @FearlessEnding: Reverse. Racism. Doesn't. Exist.,4,1
"RT @bnfvd: Replace ""white people"" with any other race in these tweets and imagine the outrage. This is Racism. https://t.co/YN5CErXD4C",1,0
"I'm taking a stand against racism, Islamophobia, anti-demotion, sexism, homophobia &amp; bigotry in all forms. Please try to understand that we",3,0
"RT @coolmcjazz: When you see hatred and racism, stare in it the face. It probably won't have the courage to look back. https://t.co/px7zoGu‰Û_",4,2