,text,label,category,polarity,id
0,The ark aint even get a chance ,1,3,2,0
1,Black Friday 2016 UK sales Tesco Direct deals CONTINUE with PS4 Xbox and Apple iPad ,1,3,2,1
2,Lexa ,1,3,1,2
3,do you ever just revel in the fact that your muse is gay as all fuck ,1,2,0,3
4,SAD if we never shine if we are all who is on the whole fuck guess who s gay i m so fuckin yolo tho dude lol i m tired i,1,2,0,4
5,RT 3 any Hispanic girl will ruin your life they harness the power or Satan to make you weak,1,0,0,5
6,Christian Patrick Salonga mahal kita mahal na mahal kita,1,1,1,6
7,RT that s Islam where are the demonstrations of the moderate Muslims ,1,1,0,7
8, deadpool marvelcomics makeup wolfefx facepaint bodypaint asian chinese hongkong ,1,0,1,8
9,RT Muslim women in Myanmar have accused the army of rape and sexual violence ,1,1,1,9
10,RT choose the strongest female character,1,2,2,10
11,Black color looks very strong and powerful in interior designs If you put it in a space where you s ,1,3,1,11
12, I was the only black girl on my street amp in my school One phrase I always heard was go back as she reads homecoming ,1,0,1,12
13, Really this money hungry Jew redirected used a bit ly URL to take us to a AdFly URL that took us to Google ,1,1,0,13
14,RT FIDEL CASTRO DIED ON BLACK FRIDAY CAPITALISM WINS AGAIN WE DID IT GUYS ,1,0,0,14
15, teen porn lesbian naked toons ,1,2,0,15
16, Lyingtrump campaigned on Racism and Bigotry and Won Sad time for America,1,3,1,16
17,RT Dunno why black people think dem haffi beat you for you to understand Oh yea u know why Slavery,1,0,0,17
18, vanessa hudgens nude games tiny asian pussy ,1,0,0,18
19,RT white people are crazy,1,0,2,19
20,ya boy made five character sheets and a custom race despite having no idea wtf theyre doing,1,0,1,20
21,RT Asian couple making love ,1,0,0,21
22,Teen brother gay porn Kyle and Price on the futon today and they are here ,1,2,0,22
23, Remember when they were all we have a black guy about Michael Steele ,1,0,0,23
24, they re all the same shade of white,1,0,1,24
25, nude black of afr ca sophie dee porn ,1,0,0,25
26,RT Start by not taking roles clearly meant for Asian actresses ,1,0,0,26
27,Western amp Native American Christmas Tree Ornament ,1,0,2,27
28, hahahaha cause you re gay asf haha,1,2,0,28
29,Unbelievable lesbian vagina fisting ,1,2,0,29
30,RT BET founder after meeting with Trump says black Americans should give president elect a shot ,1,0,1,30
31,Shame Who ll tell these guys Jesus wasn t white ,1,0,2,31
32,NEW Bape x adidas NMD R1 Black Camo US 11 5 J 29 5 a bathing ape JAPAN import ,1,0,1,32
33,big white dick being jerked and oiled ,1,0,0,33
34,RT started from the i m not gay now we here SKAM ,1,2,1,34
35,Watch lesbian movie Busty teen Alexis Adams gets fucked gt ,1,2,0,35
36,RT I m wearing all black today Maybe I accidentally swapped souls with Dan,1,0,1,36
37, fresh lesbian www sexblak ,1,2,0,37
38, sexy naked native american girls galleries wwww sexsrisex ,1,0,0,38
39,RT If you as a guy haven t already had sex with your male friends you re going to soon ,1,2,0,39
40,Amanda Fucks Black Greg amp Gets Creampie vodafonemexefest ATuaHora HOA295 7228,1,0,0,40
41,Trump will do more our black citizens than Obama That will be easy since he did little for inner city other than continue dependency ,1,0,2,41
42,RT fragmento del Bisexual Manifesto 1990 ,1,2,0,42
43,Anyone know who this Japanese girl is Asian asians ,1,0,0,43
44,Looking for a phat ass white girl to fuck tonight Then find one now on ,1,0,0,44
45, Funny how you Trumpsters are quick to tell my entire race to leave if we think America is so bad yet here you are,1,0,0,45
46,RT RIP to Fidel Castro In a world where Black people have had FEW friends he was one of them May his example live on ,1,0,2,46
47,Teacher allegedly harassed 5 year old student called him bad Muslim boy via ,1,1,0,47
48,RT Fidel Castro dying on Black Friday proves that God has a sense of humor and capitalism always wins ,1,1,1,48
49,RT Overcoming racism through friendship via ,1,3,2,49
50, nude male film good softcore porn ,1,2,0,50
51,Watch lesbian movie Threesome lesson ,1,2,0,51
52,UK Two Systems of Justice or the UK anti White Police state ,1,0,0,52
53,RT Black Lives Matter Plans To Block White Owned Businesses On Black Friday ,1,0,0,53
54, Senin anani heryerde sikerim Amk LGBT si Sen mi erkeksin lan Top senin oldugun cafede gozlugunu gotune sokar yuruturum,1,2,1,54
55, nude female autralian swimmer free porn vampire cartoon getting laid ,1,2,0,55
56,RT Fidel Castro amp Cuba offered free medical scholarships to African Americans ,1,0,2,56
57, Bet he calls himself a christian,1,1,1,57
58,Srsly sehun with black hair is damn handsome,1,0,1,58
59,Both of yall gay Eli you need to worry about fighting your Internet provider my boi and darian I told yiu to remind in the party,1,2,0,59
60,RT Black Friday I am absolutely disgusted by the way stores allow customers to behave so American and so wrong,1,0,0,60
61,RT Racial division in America has never been so stark ,1,0,0,61
62,Pk le brassard capitaine c ltruc gay la,1,2,0,62
63,RT I don t have enough patience for the human race I literally can only deal with a handful of people ,1,0,1,63
64,RT Racist white people are always shocked when you tell them they genetically mutated from us ,1,0,2,64
65,Here s the view from the West Stand Remember when there d be no white seats visible ,1,0,1,65
66,free mobile porn gay ,1,2,0,66
67,RT That s how the female is when you hurt her She cries and even if she hurts you she cries ,1,2,0,67
68,RT White Henny had me trippin last night ,1,0,1,68
69, arabic sexy free black sex lady ,1,2,0,69
70,I just love the idea of you and me together until we grow white hairs and wrinkles and say we made it,1,3,1,70
71,Obama is gonna be the first ex presidential history to hang around to harass the new president I fucking hate that racist Kenyan ,1,0,0,71
72,RT Black Lives Banner alongside the Christmas Tree at Westlake Center Seattle ,1,0,1,72
73,One of the male cardinals Academy Commons ,1,1,1,73
74,Oscars 2017 11 female performances too good to be overlooked Film ,1,2,1,74
75,White Thursday before Black Friday via ,1,0,1,75
76, shoes OAKLEY SABOT LOW BLACK MILITARY TACTICAL SHOES 10 5 US UK 9 5 EU 44 5 ,1,0,2,76
77,lesbian sex pee ,1,2,0,77
78,To com enjoo lembrei de Laysla kkk inclusive saudades,1,0,1,78
79,RT RT if your black self don t know what this is ,1,0,1,79
80,Salvation Army by the white stripes is actually deecent,1,0,2,80
81,RT Bernie Sanders want to put more white people in jail so it s fair Racist ,1,0,0,81
82,Black Friday and how hip hop tackles mental health fakeheadlinebot learntocode makeatwitterbot javascript,1,0,2,82
83,WA finished in the top 16 Greg is wearing his waterproofs so his white tie dress for tonight doesn t get cava ,1,0,1,83
84,RT 100 Yrs of Beauty Black Men US ,1,0,2,84
85,Never mentioned it wasn t valid but again it shouldn t be used as a reason to defend a racist killer ,1,0,0,85
86,RT But Black women philosophers are often seen as writers of fiction Imagine if we considered Zora a philosopher ,1,0,2,86
87,RT I THINK THIS IS THE BEST TRAILER REALIZED BY FANS ABOUT BLACK WIDOW MOVIE ,1,0,2,87
88,RT Books at the Evanston IL Public Library were defaced with swastikas and racial slurs ,1,0,0,88
89,RT My entire family in Cuba is BLACK Not even mulatto BLACKITY BLACK And they never loved a fucking Castro ,1,0,0,89
90,RT the prime minister of canada justin trudeau at 18 years old what a fine white boy ,1,0,0,90
91,Al concierto de Black Sabbath le va a caer la lluvia ,1,0,2,91
92,RT Disgusting ,1,3,1,92
93,I liked a video Scars To Your Beautiful REBECCA BLACK amp KHS Alessia Cara Cover,1,0,1,93
94, black out,1,0,1,94
95,15 24 SUFFOLK BLACK BELLIED DIPPER ,1,0,1,95
96,RT pano pag wala yung black sa outfit ni kath myghad beh ,1,0,1,96
97,The lovely Tony James whose been helping me get some naughty filthy work ,1,3,0,97
98, tomford auction 36851 auth TOM FORD black acetate KENNEDY Sunglasses w grey Lenses ,1,0,1,98
99, Comingsoon Flixxx My White Stepdad Part 3 NewScene 11 28 16 ,1,0,0,99
100,RT Please keep your promise and abolish the gay panic defence in 2016 endgaypanic ,1,2,0,100
101,10 different US presidents occupied the White House while Fidel Castro was in by chiransindhuli via ,1,0,0,101
102, Shoes Deadstock Adidas Nmd Runner Onix Grey White Red Size 13 Yeezy Boost Stylish ,1,0,1,102
103,RT This what Black Friday looks like in Canada dude these are the nicest people on the planet ,1,0,1,103
104,RT O Diabo aproveitou o restinho da Black Friday e levou o Fidel Castro com 90 de desconto ,1,0,1,104
105,i bet that racist from is BASKING in all this attention,1,0,0,105
106,RT RT if you black amp don t know what the fuck this is ,1,0,1,106
107,Hi Lotus I am a journalism student preparing a feature about sexism in acting industries Could you answer some simple questions ,1,2,1,107
108, adult mobile videos naked female pussy eaters ,1,2,0,108
109,RT Wisconsin agrees to statewide recount in presidential race ,1,0,1,109
110,I m outside in sweatpants and a coat and my white neighbor is outside walking her dog in a tank top,1,0,1,110
111,If you re downtown at any time today swing by my cousins store House of Pure Vin and support small black businesses ,1,0,2,111
112,Don t know if it was a good race but as usual it was a great race to watch After the Gold cup probably my fav NH race of the season ,1,0,1,112
113,NEW Puma Trinomic XT 2 Plus Crackle Pack 357774 03 White Purple Size 12 US ,1,0,1,113
114,Stop Muslim FGM ,1,1,0,114
115,RT Madonna spent Thanksgiving with kids at a LGBT homeless youth centre ,1,2,2,115
116,We should start calling them Christianists ,1,1,0,116
117,5 Takeaways from Black Friday 2016 ,1,0,1,117
118,White iverson,1,0,0,118
119,RT When people ask me if racism still exists ,1,0,2,119
120, Kid Toys Batman Black amp amp White STATUE DC Comics DC Collectibles SIMON BISLEY 2ND EDITION Sales Deals ,1,0,1,120
121,RT My review of an Italian sexploitation film WarGoddess ,1,0,1,121
122,RT Controversial in media language means white people dont like it in plain english ,1,0,0,122
123,700x400mm Quinn Round Top White Compact Radiator Single Panel ,1,0,1,123
124, dior auction NEW Authentic Christian Dior SunGlasses frames Demoiselle1 EXMP9 ,1,1,1,124
125,RT Black Friday Maminha com 80 de desconto ,1,0,1,125
126,5 Takeaways from Black Friday 2016 ,1,0,1,126
127, black anal torrents naked webcam girls ,1,2,0,127
128,Not a lesbian or fans but GiGi knows how to let her fans keeping eyes on her,1,2,0,128
129, New Shoes Adidas Yeezy Boost 350 V2 Black Copper Size 9 Bestseller ,1,0,1,129
130,RT pues muy bonitos que son mis nombres negro es peor D,1,0,0,130
131, AL AIRE Red and White Son Latino PERDONAME 1 on WWW FRECUENCIA5FM COM,1,0,1,131
132,Pot calling the kettle black,1,0,1,132
133,He killed anyone who identified as gay openly ,1,2,0,133
134,RT Boy yall really retarded ,1,0,1,134
135,Black money ,1,0,0,135
136,RT 775 confirmed kills in one photo Female snipers squad of Soviet Army ,1,2,1,136
137,The trauma of being unwed pregnant and Christian via ,1,1,1,137
138, youre such a palpable racist its sickening I hope someone bombs ur clanmeeting,1,0,0,138
139,Depois me perguntam se eu quero voltar pro Brasil ,1,0,1,139
140,These gay pride laces need cutting up and binned bent bastards,1,2,0,140
141, shemale with girl sex asian sex gallery ,1,2,0,141
142, Gucci Handbag AUTHENTIC GUCCI BLACK HANDBAG Fashion Style ,1,0,1,142
143, sounds like people are ignorant to some subjects and refuse to learn some things Gay folk have been around for decades,1,2,2,143
144,Castro s death makes me wanna play Black Ops,1,0,1,144
145, he literally said that black people were indolent lazy and spends his money on frivolous things ,1,0,0,145
146,SEXY Woman Black Fishnet Stockings Pantyhose Tights Elastic Middle Fence Net ,1,2,0,146
147,RT Black Friday the day my inbox gets brutally abused by spam Hang in there bud ,1,0,1,147
148,Black women got EVERYONE s backs Period Know that Remember that Reciprocate Give them the support that is LONG overdue ,1,0,1,148
149, Hey it s asian rf ,1,0,0,149
150,Vintage Hindu Print Goddess Trimurti U105 ,1,1,1,150
151,Life Lessons for the Journey REFLECTIONS ON LIFE Christian shortstories nonfiction,1,3,1,151
152,Trump effectively encouraging illegal Immigration from Mexico ,1,0,0,152
153,2015 Panini Black Gold Golden Ground Game GGG TG Todd Gurley II St Louis Rams NFL ,1,0,1,153
154,RT Everyone talking about Castro being dead man I killed that man on Black Ops 1 smh ,1,0,1,154
155,RT I really hate that my sisters and brothers of every race ethnicity background aren t treated as equal as me ,1,0,2,155
156, MT TG Trans LGBT LGBTQ,1,2,2,156
157,Turquoise necklace Native American Jewelry sterling turquoise by CherokeeKachinaCasey via ,1,0,2,157
158,RT RT if you black amp don t know what the fuck this is ,1,0,1,158
159,RT Ed Westwick aka the master of black and white lounging ,1,0,0,159
160,RT I m over here like what s wrong with the ice cream ,1,3,1,160
161,aproveita a black friday e compra vergonha na sua cara,1,3,1,161
162, MT TG Trans LGBT LGBTQ,1,2,2,162
163,1PCS Nail Art Transfer Tips PRO Adhesive White Glue for Galaxy Star Foil Sticker ,1,3,1,163
164,McGahn Is Troubling Pick For White House Counsel Given Trump s Conflict Of Interest Issues Business News,1,0,1,164
165,Attempting to read the ACNA Daily Lectionary for real this new Christian year advent NewYearsResolution,1,1,1,165
166,Ich mag das Video Rae Sremmurd Black Beatles ft Gucci Mane,1,3,1,166
167,RT To all the female athletes ,1,2,1,167
168,RT He gotta be dating a black girl RT Dawgggg ,1,0,0,168
169,RT Iowa defensive tackle Faith Ekakitie says a Nebraska player used a racial slur toward him today ,1,0,0,169
170, lesbian girls having sex pictures free pic of weman maserbating ,1,2,0,170
171,eslaque line ta responsa kkk,1,3,1,171
172, Shoes Deal Yeezy 350 Boost pirate black mens size 11 Passion ,1,0,0,172
173,Have to say that was a great race to watch well done and Native River but also what a race Double Ross ran,1,3,1,173
174,RT How long before the white working class realizes Trump was just scamming them ,1,0,0,174
175,Essa noite foi boa mas hoje vai ser demais kkk,1,0,0,175
176,RT Hj perguntaram pq eu tava c olho vermelho e se eu tinha fumado eu falei claro to brisadao kkk mas eu tava era chorando,1,0,0,176
177,FBI Stats Debunk DC Media s Muslim Backlash Myth ,1,1,0,177
178,Gay XXX Dakota Fucks His Cum Into Elijah ,1,2,0,178
179,The lead singer of the band has an amazing voice I m loving the album WHITE,1,0,1,179
180, marketingmanagement Sale Black Friday Save 50 on all marketing tools amp templates Reg 9 99 299 99 ,1,0,1,180
181,HOT video Sweet 22yo vers shoots cum w gay daddy,1,2,0,181
182,white lies,1,0,2,182
183, will there be cyber Monday deals on your cases I was unable to purchase during the Black Friday sale ,1,0,1,183
184,BLACK BEATLES IN THE CITY,1,0,1,184
185,Pakistan 5 Muslims sentenced to death for murdering Christian couple ,1,1,0,185
186,They must be congressmen also as they don t believe in cleanliness ,1,3,1,186
187, as a black person I wasn t trying to deny them of that at all what I was getting at was something a little deeper it s about,1,0,1,187
188, Baseball MLB Mighty Mac NewYork Mets Boys Blue Black Baseball Jacket Size M Medium 10 ,1,0,1,188
189,RT This what Black Friday looks like in Canada dude these are the nicest people on the planet ,1,0,2,189
190,RT This bromance between a Christian priest and a Muslim imam is what you need right now ,1,1,0,190
191,RT Do white Women get called female with anywhere near the frequency that Black Women do ,1,2,0,191
192,RT ZahoriBalmaceda no6 anime yaoi shonen manga nezumi shion japan otaku gay number6 ,1,2,0,192
193, louboutin auction Authentic Christian Louboutin Very Prive 120 Size 39 Worn Twice ,1,2,0,193
194, toryburch auction New Tory Burch Wallet Black Leather Purse ,1,0,1,194
195, he isn t gay ,1,2,0,195
196, blahnik auction manolo blahnik 38 black pump classic ,1,0,1,196
197,10 Times Nicki Minaj Out Rapped a Male MC on the Same Song ,1,2,1,197
198,Boy you know it s white rich kids that do most of the drunk driving please Stupid decisions are universal ,1,0,0,198
199, lesbiasncouple lesbian sexo lesbianas lesbo ,1,2,0,199
200,RT started from the i m not gay now we here SKAM ,1,2,0,200
201,RT NGAKAK GOBLOK JENIL ,1,0,0,201
202, Collectibles Buzz Colorado Rockies Fleece Raschel Blanket 58 x 52 Grey Black Purple ,1,0,1,202
203, coach auction Large COACH tote in black leather ,1,0,1,203
204,Pakistan 5 Muslims sentenced to death for murdering Christian couple ,1,1,0,204
205, Discovers the Black Feeling Again ,1,0,1,205
206,Kenny Loggins White Christmas listenlive 995TheBridge,1,0,1,206
207,Vintage Hindu Print Sant Tukaram Vaikundgaman Over 40 Years Old U94 ,1,1,1,207
208, raising a white flag means what it means surrender,1,0,0,208
209,RT Wisconsin agrees to statewide recount in presidential race ,1,0,1,209
210,So obsessed with Black Mirror ,1,0,1,210
211,I ve just watched episode S04E13 of Orange Is the New Black OITNB ,1,0,1,211
212, don t jdge pple acc 2 der religion Rmber KRK s Muslim the prsn who s s singing sems 2 b a Muslim So wat ,1,1,0,212
213, Hockey Nashville Predators HBS Black Outdoor Heavy Duty Vinyl BBQ Grill Cover NHL Sports ,1,0,1,213
214,RT Guess who s been crowned 2017 s Best Dressed Male Oh hay ,1,3,1,214
215,I m watching Black Cat Ranking Test Rin ne S02E18 Episode 43 now checkTrakt trakt,1,3,1,215
216,RT I just want you to see how Black governments around the world are responding they lost a friend ,1,0,0,216
217, Horse Racing Tip Doncaster Race 7 at 15 40 is Arakhan at 8 1 Best odds freetip,1,3,1,217
218, eu preciso de ponto kkk to mt na bosta,1,0,0,218
219,RT I wanna drink alcohol amp get tattoos and smoke while white hairy daddy spank my a ,1,2,0,219
220, Sports Goods Cincinnati Reds white M TShirt 100 cotton Majestic brand Deal Bargain ,1,0,1,220
221,RT If you guys think the outlets are bad during Black Friday you should see 5th ave in NYC ,1,0,1,221
222,Mia Khalifa With Black Gay Mia Khalifa dino 71pgh LGBT,1,2,0,222
223,RT Oh sure Fidel Castro s nurse takes a half hour break to find her kid a black market Hatchimal and look what happens ,1,0,0,223
224,15 Off Black Friday Sale Fancy fix Adhesive Free Frosted Window Film Ad,1,0,1,224
225, Please watch racist white woman in Chicago Lakeview store claiming discrimination ,1,0,0,225
226,RT Burma is pursuing ethnic cleansing of Rohingya Muslims U N official says ,1,1,0,226
227,Gay pra caralho ,1,2,0,227
228,MORTA KKKKKKK ,1,0,0,228
229,Hey guys ya local gay fucked up and has fallen for a guy,1,2,0,229
230,Hoy en dia no al fidelidad en las relaciones gay incluso aquellos que vociferan a todo pulmon lo perfecto de ,1,2,0,230
231,RT I m black,1,0,1,231
232,RT Michigan in general is hillbilly af It s the South annexed up North ,1,0,1,232
233, louboutin auction Christian Louboutin Pigalle 100 Black Patent Pointed Toe Stiletto Heels 35 5 ,1,0,1,233
234,RT 775 confirmed kills in one photo Female snipers squad of Soviet Army ,1,0,0,234
235,RT Liverpool FC include Christian Benteke in squad for Villarreal LiverpoolF C ,1,1,0,235
236,RT fidel castro lutou a vida inteira contra o capitalismo pra morrer na black friday q sina,1,0,0,236
237, Best Beauty Amazing Authentic BALENCIAGA Black Dress Silk Bow SZ 38 Fashion,1,0,1,237
238,Sony PlayStation 3 Slim 160 GB Charcoal Black Console CECH 2503A ,1,0,1,238
239, simon aqui no existe el black friday,1,0,1,239
240,RT Damn find u a man like this ,1,2,1,240
241,RT FANCAM 161126 White Noise Baekhyun focus EXOrDIUMinTaipei Day 1 Cr BH Hong2 ,1,0,1,241
242,RT isn t New Units just mean the black and white,1,0,1,242
243,RT Fidel is dead Best Black Friday deal ever,1,0,0,243
244,RT Black Alien Que noite ,1,0,1,244
245,1PCS Nail Art Transfer Tips PRO Adhesive White Glue for Galaxy Star Foil Sticker ,1,0,1,245
246,RT The American Jew who invented Fidel Castro ,1,1,0,246
247,The White House is a strange place MarlinFitzwater quotes ,1,0,2,247
248,RT Wake up Black Man and Woman IndependenceMatters Farrakhan via IG ,1,0,2,248
249,Alright gay ,1,2,0,249
250, nangi boy and girl picture gay men who have sex with women ,1,2,0,250
251,say SHIT keep walking black son What is the difference between obama dickhead black shit dickheads and a cockroach None u step on them,1,0,0,251
252, LMFAO that look like a real white bitch,1,0,0,252
253,This is as good a time as any to recall those scientific studies of implicit racial bias 1 ,1,3,1,253
254,RT If it becomes law FADA will be the worst thing to happen to women and LGBT people in a generation ,1,3,1,254
255,RT Bush doesn t care about black people Kanye There s racism in the fashion industry Kanye Stop talking about raci ,1,0,1,255
256, Uh he was Another uneducated scared white typical trump troll,1,0,0,256
257,RT ny times adds specter of race to the don t say racism pile ,1,0,2,257
258, Also bare in mind I am not even a white person But facts get in the way of such people ,1,0,1,258
259,RT Come listen to members of Black Lives Matter discuss where we go from here Mon Nov 21 6pm Lindsay Street Bapti ,1,0,1,259
260,RT Steve Bannon Jeff Sessions But remember Don t you dare call Trump an alt right racist,1,0,1,260
261,RT Bannon I m not a white nationalist I m a nationalist I m an economic nationalist ,1,3,1,261
262, free sexy girl masturbating niggers fucking fucking white girls ,1,0,0,262
263, Please please please let the dems put another muslim up The,1,1,1,263
264,RT Mental illness should be taken more seriously Especially in the black community ,1,0,1,264
265, RT Thx 4 coming to the saner side of DEMOCRACY away from EVIL RACIST IGNORANT SEXUALLY DEVIANT MOLESTER MEGALOMANIAC TRUMP ,1,3,2,265
266,RT Gay youth are up to 4x more likely to attempt suicide compared to their straight peers Unconditional love matters https ,1,1,1,266
267,RT SenSanders We can disagree all we want over issues but racism and bigotry cannot be part of any public polic ,1,0,2,267
268,Dear fellow Clever black South africans when u hate Zuma do so on your own Radios but pls don t include us in yo hatred Please,1,0,2,268
269, sportifs sexy gay alwaysshowbulge Don t forget my lovely menfolk ,1,1,2,269
270,RT Muslim Invaders Declare To Christian Translator We Hate Christians And Will Take Over And Destro ,1,0,0,270
271, fact check CNN REPORTS Syrians slaughtered thanks to Obama amp Clinton racism and genocide,1,3,2,271
272,RT 1 Why are you leaving out that he hit somebody first 2 Good Night White Pride Sometimes racists get the shit ki ,1,0,0,272
273,RT They cry over TrumpCup while we cry over racism sexism and bigotry Must be nice to cry over something so meaningle ,1,3,2,273
274,immediately All black dickheads are meant to be callously destroyed in the end ,1,0,0,274
275, you are white everyone latino s do too ,1,3,1,275
276,RT Trump attorney general nominee Jeff Sessions prosecuted civil rights activists for trying to register Black voters ,1,0,1,276
277,Succinct thread on racial fallacies ,1,0,2,277
278,RT Black ppl need to stop giving their money to ppl who don t give a damn about them ,1,0,1,278
279,RT All Trump supporters may not be racist but they all certainly are accomplices in racism ,1,0,1,279
280,RT 1 Individualistic Fallacy Racism is perceived as only being interpersonal ignores systemic structural realities ie ,1,0,1,280
281,im surrounded by a bunch of idiots and racist teachers students,1,0,0,281
282,RT Retweet or you re gay ,1,2,1,282
283,RT Ohana means family and family means fighting with your racist uncles during Thanksgiving,1,0,1,283
284,RT Trump keeps accidentally promoting men who hate black people amp immigrants What a strange coincidence that sheds no light at a ,1,3,1,284
285, I worked my ass off 2 get where I am I came from poverty So stop with racism ,1,3,2,285
286,RT The fashion industry is racist and I need to expose it Kanye West Black people need to stop focusing so much on racism a ,1,3,1,286
287,If Trump didn t want black people counting his money do you honestly think he wants black people giving him cabinet level advice ,1,0,1,287
288,tbh the whole why do u care so much abt lgbt rights thing is terrifying every time i panic and go i have a gay friend bc i m not out,1,2,1,288
289,RT Any Christian who isn t immediately outraged by the idea of a Muslim registry never gets to utter the words religiou ,1,1,1,289
290, I am I am telling you I am white We are part of this equation So is everyone that you talk to you You don t get to tap out ,1,0,1,290
291,White Male TwitterBots Reduce Racism by Calling it Out ,1,3,2,291
292, racists hate it when you call them racist,1,0,1,292
293,RT Is anyone NOT racist Twitter spirals out of control following Jeff Sessions AG announcement via ,1,0,2,293
294,RT I would beat the shit out of her for the racist shit ,1,0,0,294
295,RT you were doing OK til are white What s white Maybe who are white and enjoy ,1,0,1,295
296,RT Replace white people with any other race amp you d be suspended in 2 seconds ,1,0,1,296
297,RT Trump appoints another white man with history of racism this time to lead JUSTICE Department ,1,0,2,297
298,Baltimore teacher fired after racist rant at students via ,1,3,1,298
299,RT proof that when you re white amp not problematic you can age gracefully ,1,0,2,299
300,RT So many are hurting and afraid is overwhelmed with LGBT kids suicide hotline If you can volunteer on hotline o ,1,2,2,300
301,Picking best person for the job based on talent Not on gender race or color Days giving jobs because you got a clitoris Finish,1,3,2,301
302,RT In the last 11 days 9 police officers killed ALL killed by white men All but 1 killers were taken in ALIVE Not a ,1,0,1,302
303, nah you can t You re a yankee,1,0,0,303
304,RT White people in particular Trying to be God s child and not go off but i m constantly being tried 5385392 times a ,1,0,2,304
305,What are you opinions on using Islamophobia as a catch all term for opposition to Islam and anti Muslim sentiment ,1,1,1,305
306,RT Kerala Lady Muslim MLA of Muslim league disallowed to make public speech by male Muslim leaders as it is un islamic ht ,1,1,0,306
307,RT Working retail makes me HATE the human race,1,3,0,307
308,RT Wrote this Trump Reminds Us the Racial Justice Movement Is Growing via ,1,3,1,308
309,RT You re right Was telling someone today that either you voted for him due to racism or you voted for him for the ec ,1,3,1,309
310,RT Smile if you re on board with white supremacy ,1,0,2,310
311,RT Jeff Sessions considered too racist to be a judge in 80 s is Trump s AG Best to go back to sleep America I ll wake u u ,1,3,0,311
312, Oh sh t Now boy is a racial slur Well kiss my ass 99 of my family has called me that Those racist ,1,3,0,312
313,RT people are so simple minded fam like shit ain t always black and white fucking think,1,0,0,313
314,RT If you go to USA you will never find 100Plus unless you go to like Asian Mart ,1,3,0,314
315,RT 6 According to testimony Sessions called an African American lawyer boy and told him to be careful what you say to whit ,1,3,1,315
316,RT Donald Trump s AG nominee Jeff Sessions Y all will see a recurring theme about the KKK I Will Not Normalize ,1,0,2,316
317,RT In Alabama Jeff Sessions Desegregated Schools and Got the Death Penalty for KKK Head via ,1,0,2,317
318, everyone is a racist to u so what else is new,1,3,1,318
319,You should always focus on racism if you re black Don t let it consume you or your optimism but always be aware of it ,1,0,2,319
320,RT Meanwhile his new Attorney General Jeff Sessions was blocked from being a judge because of his racism ,1,0,1,320
321,RT Things allowed on Twitter I hate white people I want to kill white people Let s assassinate Trump Not allowed FBI crime ,1,0,0,321
322,RT Nigga did all that civil rights and protest rapping on that poo ass Yeezus album then turn and say racism doesn t exist ,1,0,2,322
323, No you despicable racist There is far more racism emanating from black towards whites ,1,0,0,323
324,RT Alcohol ends racism ,1,0,2,324
325, no one believes your parities propaganda anymore keep trying you call everyone a racist ,1,3,0,325
326,RT Trump condemning racist acts ,1,0,0,326
327,RT I won t compromise on racism I won t compromise on sexism I won t compromise on homophobia And I won t compromise on Isl ,1,3,2,327
328, Thanks for the gayfollow Share with us all your gaytravel updates gay greetings gaytravelshop,1,2,2,328
329,Yep Kanye is one of the few examples of a black person actually playing the race card ,1,0,2,329
330,RT Dylan Christian is not our child Sharon GET OUTTTTTTTTT YR CliffhangerFriday RIPShylan ,1,1,0,330
331,Kanye is an ignorant schmuck w a god complex Not only did he say he would ve voted for Trump but he thinks fighting racism is pointless ,1,3,2,331
332,White people gotta be stopped ,1,0,2,332
333,RT A fucking men Having anti black bias doesn t make you bad folk Failing to be mindful of it not addressing it ,1,0,0,333
334,If you can t provide shelter for yourself girl you can forget thinking about being a alpha male ,1,2,1,334
335, get what you re saying but it s kinda dense To say stop worrying about racism is dismissive amp hurtful in a real way ,1,3,2,335
336, But the left says don t be racist If you re skin has lots of pigment then you have to oppose Trump ,1,3,2,336
337, The issue at hand is Trump supporters are comfortable expressing their racial amp violent tendencies to the world,1,3,1,337
338,RT isn t this the point of our relationship i selfie you re gay i tell you i love you you delete me,1,2,2,338
339,RT When a black persons calls you a coon just know you made a great point that cannot be disputed,1,0,2,339
340,RT I AM TIRED OF BLACK PEOPLE WITH THE MONEY AND THE PLATFORM TO DO SOMETHING FOR US AVERAGE BLACK FOLK YET THEY TELL US TO GE ,1,0,1,340
341,So s AG pick called a black prosecutor boy and said he was fine with the KKK If you voted for Trump congrats ,1,3,0,341
342, Do you think he isn t a white supremacist ,1,0,1,342
343,RT Being a black woman is the best thing about being a black woman ,1,0,2,343
344,I just don t think we re compatible I don t think you re compatible for me I m Muslim and you re Christian and I m pretty serious about,1,1,0,344
345,I AM SO GAY,1,2,1,345
346, he is a racist Wake up ,1,3,0,346
347,RT Kanye in 2005 Bush doesn t care about black people Kanye in 2016 Lol Neither do I ,1,0,0,347
348,Kanye thinks he s white that s why he acting foolish,1,0,0,348
349,RT Mr Trump you talked about being the champion of working families Now produce But we won t accept racism sexism or x ,1,3,2,349
350,RT Treating racism and bigotry as just another opposing view That s normalizing ,1,3,2,350
351,RT Kanye wanted us to focus on racism when them designers wasn t fucking with him tho,1,3,0,351
352,RT Is the Muslim call to prayer in the middle of the night noise pollution Learn how a small community is dealing w it ,1,1,2,352
353, SWAmman RT GEWUSA RT AlexKrause africatechie one of my faves today did a great job of explaining the challenges of black women amp forei ,1,3,2,353
354,RT Trump condemning racist acts ,1,3,0,354
355,RT JAN BREWER ON DEMOCRATS EVERY TIME YOU DISAGREE WITH DEMOCRATS NO MATER WHICH SUBJECT IT IS YOU RE A BIGOT OR RACIST https ,1,3,1,355
356,RT Why on earth would anyone not agree with this Ask Trump to condemn bigotry and intimidation against children ,1,3,0,356
357,I will see my Imam every Wednesday and see him at the Mosque every Friday He said I should stay close with him and a few Muslim groups ,1,1,2,357
358,RT Trump keeps accidentally promoting men who hate black people amp immigrants What a strange coincidence that sheds no light at a ,1,3,0,358
359,RT i also love that this crusader for white america is protesting by ordering a giant chocolate frappucino,1,0,2,359
360,RT People who see racism everywhere are usually racists ,1,3,0,360
361,Hawar just called me beautiful and I m wheezing and I m gay,1,1,2,361
362,RT Dear this is fucking pathological Word you are looking for is not race it is racism ,1,3,0,362
363,RT Doesn t the media ever get tired of screaming RACIST at every Republican Obama never lifted a finger to help the black c ,1,3,0,363
364,Former KKK leader is thrilled about Trump s picks ,1,0,0,364
365,RT Kanye we should focus less on racism Kanye bill Cosby was innocent Kanye I would ve voted for trump Everyone he s a gen ,1,0,0,365
366, The guy who made those accusations of racism was INDICTED for bribing witness Lies ,1,0,0,366
367,RT Bannon Flynn now Sessions DT making good on white male supremacy Where s the outcry Dems Danger of losing rust belt and ,1,1,0,367
368,I can t believe people are appalled at Kanye s support for Donald Trump He is a black rapper who married into a white family C mon yall ,1,0,2,368
369, why is white dominating rn I m pissed,1,0,0,369
370, if you can t see racism you re the blind one,1,3,2,370
371,I hope they continue and even double down on calling people racist It s completely overplayed and destroyed with a single word so ,1,3,0,371
372, LMAO exactly No wonder he s a fuckin KKK leader,1,0,0,372
373,RT To black people stop focusing on racism We live in a racist country that is a fact ,1,0,0,373
374, Gay panic is not a defence of murder Its not valid though it has been used often Let s get rid of it please ,1,2,2,374
375, in the past year people have made being a white male a bad thing Pretty sure I ve been shamed for being a white guy ,1,0,2,375
376,Gay,1,2,1,376
377,RT But if he had said Fear of White ppl is RATIONAL who would have blinked twice ,1,0,0,377
378,RT Democrats are freaking out over Jeff Sessions but had no problem electing KKK leader Robert Byrd Ford TrumpCup htt ,1,3,0,378
379,RT Our government will be run entirely by men who didn t have the decency to renounce Trump s racism and ignorance ,1,0,0,379
380,RT there s so much beauty in being black,1,0,2,380
381, Is it black women you find ugly Or women who are tall ,1,0,0,381
382,He should stop focusing on racism And fashion too for good measure ,1,3,2,382
383,RT To Resist we must first stop pretending A brutal racist remorseless regime will take over our country in 65 days ht ,1,0,2,383
384, Spit On White People Steve Harvey CAUGHT In Racist Rant On Shocking Tape RadarOnline 1066858 1,1,0,0,384
385,RT Becoming a racist is painless but unbecoming a racist is excruciatingly painful Qwul sih yah m,1,0,0,385
386,RT Teacher calls her black students idiot punk ass n ggers who are going to get shot Where who is this ,1,0,0,386
387,Black people cant because we don t even have a system that oppresses other races we have never been allowed such p ,1,0,1,387
388,RT CBS Evening News gives white nationalist a platform doesn t bother to press him on racist views ,1,3,0,388
389,RT Aren t you kinda jealous that they let a white nationalist like Bannon in and didn t make room for you ,1,0,1,389
390,RT BLACK is not sad BLACK is poetic,1,0,2,390
391, DON T DECLARE MUSLIM BROTHERHOOD AS TERRORIST ORGANIZATION amp FREEZE THEIR ASSETS BEFORE EGYPT DECLARE SECULAR STATE ,1,1,2,391
392,RT GOP readies law that would ignore same sex marriage deny women health care and fire gay people ,1,2,0,392
393,RT Queens of LGBT ,1,2,1,393
394,RT troy Jerusalem is in fucking africa how the fuck does jesus have white skin he s fucking black me ,1,0,0,394
395,RT THE HISPANIC LIVES INCLUDING THE NON US CITIZEN ONES AND MUSLIM LIVES ARE STILL GOING TO MATTER WHETHER TRUMP WINS THIS ELE ,1,3,0,395
396,RT Or one news executive say maybe my strategy of putting white nationalists on tv unchallenged was not a wise one https ,1,0,1,396
397,RT I m not racist I just don t care about hiring non white people Republican politicians probably ,1,0,1,397
398,RT Trump isn t coming after gay marriage He s going straight for making LGBT folks second class citizens ,1,2,0,398
399,RT Do you feel racism still exists ,1,3,1,399
400,RT they look like that gay couple in school who judge everyone that meets their eye lmao ,1,2,1,400
401,RT People say Trump winning is white supremacy This doesn t look like white supremacy to me Trump won because Americ ,1,0,1,401
402,RT Sexism bigotry chauvinism and mediocrity flew freely on live TV unchecked since comments don t represent media Hou ,1,3,0,402
403,RT We just have to break the barriers and do what we do best female entrepreneurs from around the world discuss t ,1,2,2,403
404,Tell me you wouldn t fuck that black booty ,1,0,0,404
405,RT Here inadvertently makes the case for white nationalism ,1,0,0,405
406,RT Here s a video of white supremacist teacher in Maryland who referred to a class full of Black children as punk ass ,1,0,0,406
407,RT In other words Obama s entire campaign was a denial of white supremacy He exploited whites desire to look away from t ,1,0,1,407
408,RT This is very disturbing to all the African A community having SteveBannon in ,1,0,0,408
409,RT Too racist to be a judge No problem Trump goes full white supremacist w Jefferson Beauregard Sessions III for AG https ,1,0,0,409
410,Me when Donald Trump says he likes Mexican and hates racism ,1,0,2,410
411,RT Or one news executive say maybe my strategy of putting white nationalists on tv unchallenged was not a wise one https ,1,0,2,411
412,RT This whole argument that you can t be racist to white people is not only retarded but encourages violence amp division am ,1,0,1,412
413,Hindu nationalists when will the be stopped ,1,1,1,413
414,RT We really need to get away from this individualization of racism as if it isn t a structural and endemic part of society ,1,3,2,414
415,RT Kanye West tonight speaking on racism in America Specifically to black people stop talking about race so much https ,1,0,1,415
416,RT PSA KNUCK IF YOU TF BUCK WHITE AMERICA ,1,0,0,416
417,The guy too racist to sit on the Supreme Court is going to do what ,1,0,0,417
418,Black people are animals Not being mean just a fact most function on a low IQ primal level ,1,0,0,418
419,RT No female just texts one nigga ,1,3,0,419
420,RT ICYMI Mistaken for Muslim Indian Man Beaten in Islamophobic Attack in Pittsburgh ,1,3,1,420
421, it was just funny not that black people get shot Butttt,1,0,1,421
422,White folks always tryna humble black people who are talented and have no problem saying so,1,0,1,422
423,And in closing is miserable to see my people only way to be happy is the think they have to live like a white person,1,0,0,423
424,RT Assassinated not just for being gay but for standing up for gay rights 38 years ago today the world was robbed of ,1,2,1,424
425,RT white people wanna be oppressed so bad ,1,0,0,425
426,RT rt if you re GAY like cheese or just want to die,1,2,0,426
427,RT It was racism amp racial resentment more than economic anxiety that drove Trump supporters my new realitycheck https ,1,3,0,427
428,RT Fun fact gay people can be friends with other gay people and not be together lol,1,2,1,428
429,Considering white men have been given all the trophies just for being white amp male ,1,3,1,429
430,RT Only reason I lift anymore is to get ready for the race wars Strong body stronger minds,1,3,2,430
431,Fuck White People,1,0,0,431
432,rosa Negro ,1,0,0,432
433,RT NYT White Nationalism Explained I look forward to NYT s explanation of Japan s Yellow Nationalism next ,1,0,0,433
434,RT white women just contour and highlight until they blend into racial ambiguity,1,3,0,434
435, LMFAOOOOOOO DUMB ASS WHITE PEOPLE,1,0,0,435
436, I have straight white male syndrome,1,3,1,436
437,RT Since Thanksgiving is now over amp Obama s anti Christian era is coming to an end we can say Merry Christmas PROUD ,1,1,2,437
438,RT And your friend Mike Pence supports torturing Gay people to make them straight ,1,2,2,438
439, racist ,1,0,0,439
440, lil gay ass nigga SMH,1,3,0,440
441, ANY BLK PERSON BORN IN USA DON T HOLD A MASTERS IN THE PRESENT FUTURE amp PAST CLASSES OF CURRENT RACISM R THE BLIND amp SELF HATERS,1,0,0,441
442,Don t have white friends but if I did they not saying the n word ,1,0,1,442
443,At the next Somali wild n out 22nd Dec I wanna see your white Asian black friends etc Somali s be the funniest people in the world,1,0,2,443
444,RT The African people were slaves and good helpers the white people asked them to help America SON IM CRYING,1,0,0,444
445,asian boys are better,1,0,0,445
446,RT Hilly The Help racist tacky hoe that s why she ate the shit pie ,1,0,0,446
447,RT Dallas mayor says white men with guns scare him more than Syrian refugees ,1,0,0,447
448,RT VIDEO Muslim Migrants Attack Police and Locals in Bautzen Germany MASS STREET BRAWL The Geller Report ,1,3,1,448
449,All my African American bros getting all the Latinas when this wave ending I need them back,1,3,1,449
450, this is so gay but I still love you,1,2,2,450
451,RT I m Muslim and people call me terrorist Do you trust me If yes hug me ,1,1,2,451
452, well of course a Baltimore comedian has to make her joke about racism eh sorry I prefer Louis CK s nigger nword joke myself,1,3,2,452
453,RT It was racism amp racial resentment more than economic anxiety that drove Trump supporters my new realitycheck https ,1,3,0,453
454,Chicago police officer who fatally shot a black man in the back has been relieved by brandelah via ,1,0,0,454
455,RT Shaun King a white dude pretending to be black celebrating Castro who hated negroes is a level of nihilist iron ,1,0,0,455
456,RT us hispanic men faithful as fuck,1,3,0,456
457,RT Alt Right sounds like a cheat code for a White Supremacy computer game,1,0,1,457
458,RT Black people s ability to turn anything into a joke is a deep rooted coping mechanism ,1,0,1,458
459,RT She s got a point since Romney isn t a member of either the KKK or the Nazis ,1,0,1,459
460,RT If you hate white people so much then why are you obsessed with white boys ,1,0,0,460
461,RT How are white people responding to the fact that white nationalism is being done in their name and for them even if they ,1,3,1,461
462,RT We hate Donald Trump like you hated President Obama However we hate Trump because he is racist you hated Obama beca ,1,0,1,462
463,RT RT if you ve had white children who ve never seen Black people stare wide eyed at you in public like you re a damn werewol ,1,0,0,463
464, there are much worse race haters than Jared Taylor and Red Ice believe me,1,3,0,464
465, well yeah I agree on that but what my point was that person thinks personally that Harry is the biggest male LGBTQ supporter,1,2,2,465
466,RT It was racism amp racial resentment more than economic anxiety that drove Trump supporters my new realitycheck https ,1,3,0,466
467,RT We re in a national crisis The next president is an unscrupulous race baiting jackass surrounded enablers and goons Stop p ,1,3,0,467
468,RT FLASHBACK Keith Ellison Calls U S Constitution A White Racist Conspiracy Proposes A Separate Country For Black ,1,3,0,468
469, Yeah saying nice things about a reformed racist is the same as systematic discrimination Whatever ,1,3,1,469
470,RT I m one of them and am most definitely not even close to a racist Never have been ,1,0,2,470
471,RT White ppl aren t the ones getting killed everyday for no reason white people aren t the ones getting discriminated ,1,0,0,471
472, It s right next to the petition to stop white supremacy terrorism and Trump supporters with guns,1,0,2,472
473,RT ya KNOW I WAS HAVING A GOOD DAY TILL I REMEMBERED WE HAVE A WHITE RACIST CLIMATE CHANGE DENYING CHEETO FOR PRESIDENT,1,0,0,473
474,RT Christian Missionaries converts poor Hindus in lacs Year Hindus Wake Up amp Get UNITED ASAP SICKularConversions https ,1,1,2,474
475,Christian Missionaries are converting Hindus Money for Love Jihad comes from Middle East SICKularConversions ,1,1,2,475
476,RT I made this handy guide to help people identify anti White hate speech ,1,0,1,476
477,RT Lol even funnier I don t know if this boy is gay or not ,1,2,1,477
478,RT a 13 year old boy comes out to his best friend on text Ain t nothing wrong with being gay my friend ,1,2,2,478
479,Group Teacher grabbed 5 year old by neck called him bad Muslim boy CBS News ,1,1,0,479
480,The media is a big reason why racism is still alive,1,3,1,480
481,RT Got my fingers crossed for a little lesbian freaky deaky TheWalkingDead,1,2,2,481
482,RT homophobes always referencing sodom and gomorrah as if bringing an end to this country with gay sex would be a bad thing,1,2,0,482
483, TylerOakleyIsOverParty Y all are so mean to him as if you ve never said anything racist It was 6 years ago he apologized get over it ,1,3,2,483
484,Kellyanne I bet your parents are proud of the fact their daughter is working for a racist rapist jackass Sorry sis 2 of 2,1,3,2,484
485,RT Trump s worldwide properties raise conflicts of interest and security risks especially in Muslim countries ,1,1,0,485
486,RT Blows me how people can see a difference between KKK and white Christians but fail to differentiate Muslims and ISIS Not coo ,1,3,1,486
487,I m gay I m a REBEL ,1,2,1,487
488,Tank all gay in the crowd lusting over the R amp B niggas,1,3,0,488
489,Sometimes thinking about racism literally makes me tear up lol,1,3,2,489
490,RT White people who say nigga or nigger CATCH THESE HANDS your not fucking cool goodbye,1,0,0,490
491,RT If you cynically use racism to rise in the world tell me how you re not a racist ,1,3,1,491
492,RT 38 years ago Harvey Milk the first openly gay man elected in USA was assassinated his unapologetic pride amp bravery sho ,1,2,0,492
493,AND U KNOW WHY BC BEING A RACIST ASS IS MORE FUN THAN MAKING ACTUAL RESEARCH FOR UR SHITTY SHIP ,1,3,0,493
494,RT The Distinction Between Slavery and Race in U S History via ,1,3,1,494
495, Racism protest signs cover the globe these days Its really F N worn out and ridiculous ,1,3,1,495
496,RT what gets me about the whole homophobia means fear amp i m not afraid of gays thing is like my dude you absolutely are,1,2,0,496
497,RT when I say white you say privilege ,1,0,0,497
498,Don t forget while I m talking about race White ppl get shot more by cops to blacks Which makes the whole black lives matter thing fake,1,0,0,498
499,RT White ppl go full retarded everyday ,1,0,0,499
500,RT AIA could have advocated for the women poc muslims amp youth that they show prominently in their marketing materia ,1,3,2,500
501,RT When you see hatred and racism stare in it the face It probably won t have the courage to look back ,1,3,2,501
502,RT there is a time for peace and a time to fight back when half the country supports racism and sexism you fight back ,1,2,2,502
503,RT Excellent Washington Post campaign fact checker was subjected to a barrage of racism and sexism ,1,3,0,503
504,RT Remember when Obama openly hated a large portion of our country and threatened basic human rights with racism homo ,1,3,0,504
505,RT When you see hatred and racism stare in it the face It probably won t have the courage to look back ,1,3,2,505
506,RT You can t be racist to the people who invented racism ,1,2,1,506
507,RT Clinton actually socialized sexism and racism to promote her interest and this is the b ,1,2,0,507
508,RT THIS IS RACISM I stand with my White brothers and sisters against you SAVAGES ,1,0,0,508
509, this has to do with the election not racism God please help these idiots like you ,1,3,0,509
510,RT When you see hatred and racism stare in it the face It probably won t have the courage to look back ,1,3,2,510
511,RT Trump Rules Trump Black Bitch Funny how Trump supporters wont address this at all Pretending racism doesnt exi ,1,0,1,511
512,RT As long as their is poverty oppression sexism amp racism in Britain you aren t remembering the dead but forgetting the ,1,2,1,512
513,RT Replace white people with any other race in these tweets and imagine the outrage This is Racism ,1,0,1,513
514, Hate division racism bigotry sexism amp anti Americanism all come from Marxist brainwashed youth ,1,3,0,514
515,RT When you see hatred and racism stare in it the face It probably won t have the courage to look back ,1,3,2,515
516,Yep I agree That is one of the main problem today and the root causes of populism and racism I give details in ,1,3,1,516
517,RT voting to endorse explicitly racist policies requires either personal desire for racist policies or apathy concerning the ,1,2,1,517
518,RT Clinton actually socialized sexism and racism to promote her interest and this is the back lash,1,2,1,518
519,RT since no one is talking about the hatred and racism going on at Plano Senior High School im here to shine the light and ,1,3,1,519
520,RT If he finessed off of racism just to backtrack this might be the biggest plot twist in American History ,1,3,1,520
521,SIGN Stand in solidarity against s agenda of fascism racism sexism amp xenophobia ElectionDay,1,2,2,521
522,The whole deplorable narrative is quite a big basket 1 million fewer blacks voted for Clinton than Obama Fewe ,1,0,1,522
523,RT Not race White supremacy Not a racial divide White supremacy Not racial overtones White supremacy Not racis ,1,0,0,523
524,RT what s your plan to stop the radicalization of people on your platforms given the rise in racism ,1,3,1,524
525,RT Replace white people with any other race in these tweets and imagine the outrage This is Racism ,1,0,1,525
526, the only thing whites created that they don t take credit for is racism ,1,0,0,526
527, oh shut the fuck up He s in support of a man who thinks sexual assault and racism are okay ,1,3,1,527
528,RT Replace white people with any other race in these tweets and imagine the outrage This is Racism ,1,0,0,528
529, Trump hasn t created more racism he s created a safe mainstream platform the former leader of a neo Nazi gang ,1,3,0,529
530,RT When you see hatred and racism stare in it the face It probably won t have the courage to look back ,1,3,0,530
531,RT Ya mcm like Donald trump cause he played racist white folks nevermind his inciting of violent racism nationwide ,1,3,0,531
532,RT Replace white people with any other race in these tweets and imagine the outrage This is Racism ,1,0,0,532
533,RT When you see hatred and racism stare in it the face It probably won t have the courage to look back ,1,3,2,533
534,RT It s not leftist to reject fascism bigotry misogyny racism It s common decency bbcqt,1,0,2,534
535,RT When you see hatred and racism stare in it the face It probably won t have the courage to look back ,1,3,2,535
536,RT When you see hatred and racism stare in it the face It probably won t have the courage to look back ,1,3,2,536
537,RT And given our privilege we should be using it to help people that need us instead of pretending that reverse racism ,1,3,2,537
538,RT Donald Trump is a product of neoliberalism gone wild not just racism A global phenomenon Gary Younge explains ,1,3,1,538
539, like living life unafraid of bullshit post modernist narratives Yes we could be great if we stopped caring about racism ,1,3,0,539
540,RT Economics is a nice excuse to mask the driving factor in their vote racism All Trump did was say he d fix things amp blame it on ,1,3,1,540
541,RT When you see hatred and racism stare in it the face It probably won t have the courage to look back ,1,3,2,541
542,RT When you see hatred and racism stare in it the face It probably won t have the courage to look back ,1,3,2,542
543,RT More showings of racism and violence towards minorities across the country and not a peep from president elect BoldPre ,1,3,0,543
544,RT When you see hatred and racism stare in it the face It probably won t have the courage to look back ,1,3,2,544
545, idiot racism is racism which is exactly why they didn t like trump Yet they are racist U idiot,1,2,1,545
546,RT This is where we must be honest about the depth of racism and the psychic sickness of our country ,1,3,1,546
547,RT If he finessed off of racism just to backtrack this might be the biggest plot twist in American History ,1,3,2,547
548,RT Bravo Facebook in your decision to stop ads that target exclude races There is no place in our country for racism https ,1,3,2,548
549,RT When you see hatred and racism stare in it the face It probably won t have the courage to look back ,1,3,2,549
550,RT Peaceful protest at Wayne State s undergrad library in Detroit at 5pm We are unifying to denounce racism discrimin ,1,3,1,550
551, Shaun king states facts You are more concerned with defending racists than eradicating racism Re evaluate ,1,3,2,551
552,RT Racism towards white people is deemed acceptable it really fucking annoys me,1,0,1,552
553,RT Have you disciplined those hateful students yet Not enough just to reflect Weed out perpetrators of racism on ,1,3,2,553
554,RT When you see hatred and racism stare in it the face It probably won t have the courage to look back ,1,3,2,554
555,RT When you see hatred and racism stare in it the face It probably won t have the courage to look back ,1,3,2,555
556,RT We all need to be our best selves from now on work together for our HUMAN RIGHTS Racism Mysogyny Homophobia ,1,2,2,556
557,you cant fucking sit here and tell me that islamophobia isnt deeply rooted in racism,1,3,1,557
558,RT Donald Trump is a product of neoliberalism gone wild not just racism A global phenomenon Gary Younge explains ,1,3,1,558
559, what s the difference between those Hitlary has allegedly killed amp the spirits Americans are killing with their racism,1,3,0,559
560, Until the idea that racism is a white only phenomena is rejected the racial and ideological divide will only deepen,1,0,1,560
561,Much the same could be said of Canada ,1,3,1,561
562,RT This is exactly why Trump won This is the hatred and racism that calls itself progressive in our country ,1,3,1,562
563,RT Apparently they ve learned nothing All they got left is buzzwords and violence ,1,3,1,563
564,RT When you see hatred and racism stare in it the face It probably won t have the courage to look back ,1,3,2,564
565,RT March to ShutDownTrumpInauguration Wash DC Dark Friday Jan 20 2017 Be there to stop the steam roll of fascis ,1,3,1,565
566,RT I will vigorously oppose Trump if he appeals to racism sexism or other discriminatory measures ,1,2,1,566
567,RT If he finessed off of racism just to backtrack this might be the biggest plot twist in American History ,1,3,1,567
568, if you voted for trump you are either racist or okay with racism which is just as bad so truly you can choke ,1,2,0,568
569,RT When you see hatred and racism stare in it the face It probably won t have the courage to look back ,1,3,2,569
570,RT When you see hatred and racism stare in it the face It probably won t have the courage to look back ,1,3,2,570
571,Sadly until now racism is still a major problem in this world ,1,3,1,571
572,RT Friends and allies please take a moment to watch this short film on how Sikhs experience racism in post 9 11 Ameri ,1,3,1,572
573, we showed up at the polls amp fell in line 66 white women voted 4 racism xenophobia misogyny amp incompetence ,1,3,0,573
574,RT You re missing the point If 59m people empower a racist it s irrelevant whether they are or not Danger is the same ,1,2,1,574
575,RT When you see hatred and racism stare in it the face It probably won t have the courage to look back ,1,3,2,575
576,RT Racism ,1,3,1,576
577,RT I wonder if is going to publicly speak out against the racism and sexism that s happening in his name ri ,1,2,0,577
578,RT How Your Interest in Other Cultures Can Perpetuate Racism with CulturalVoyeurism by ,1,3,1,578
579, no it would just be pure racism lol,1,3,1,579
580,RT When your pops nearly dies fighting bigotry and racism then holler at me Until then let s just agree to make this ,1,0,1,580
581, VERBALLY ASSAULTED Do you mean spoken to Assault is AN ACTION like the riots in Portland Denounce violence and ,1,3,0,581
582,Amen ,1,3,1,582
583,RT Replace white people with any other race in these tweets and imagine the outrage This is Racism ,1,0,0,583
584,RT reverse racism doesn t exist but nice try tho,1,3,1,584
585,RT So many good white ppl are silent about racism because brave ppl like Grubhub CEO MattMaloney get scorned if they speak ,1,0,1,585
586,RT When you see hatred and racism stare in it the face It probably won t have the courage to look back ,1,3,2,586
587,RT Once you understand racism structurally you can begin to confront it in your institutions political party neighborhoo ,1,3,2,587
588,RT When you see hatred and racism stare in it the face It probably won t have the courage to look back ,1,3,2,588
589,I m all for people bitching about things what s social media for but don t discount racism as if it s nonexistent,1,3,1,589
590, Reported to twitter for racism ,1,3,1,590
591,RT It is NOT JUST RACISM that elected DT How fucking blind are people HRC mainly lost b c people were fed up w esta ,1,3,0,591
592,RT THIS IS RACISM I stand with my White brothers and sisters against you SAVAGES ,1,0,1,592
593,Really liberals ,1,3,1,593
594,RT When you see hatred and racism stare in it the face It probably won t have the courage to look back ,1,3,2,594
595,RT Mitt Romney says Donald Trump will change America with trickle down racism ,1,3,1,595
596,RT racism is alive amp well,1,3,1,596
597,RT So now the white supremacists are punishing the Grubhub CEO for going off code amp speaking against racism This is how r ,1,0,2,597
598,RT Dear white media 1 Hate isn t normal 2 It s OK to call Trump a racist 3 Fear can be driven by racism 4 Trump is ,1,3,1,598
599,RT If he s lying about everything he has said then awesome great but he s already awoken so much racism and hatred There s no ,1,3,1,599
600,RT good tumblr thread about being white amp trying to engage with educate other white ppl about politics ,1,0,1,600
601,RT there s a whole other side of twitter that believes racism is race baiting sexism is a fallacy and white privileg ,1,3,0,601
602,RT unbelievable racism going on calling illegal migrants ILLEGAL Jesus wept they are just undocumented ,1,3,0,602
603,I don t understand why we are not making this world so that everyone s equal and there s no racism discrimination or violence ,1,2,1,603
604,RT What would you prefer Racism adjacent A hint of race Racism infused ,1,0,2,604
605, America asked us How do you prefer your racism blatant or systemic Courtney Parker West ,1,3,0,605
606,RT When you see hatred and racism stare in it the face It probably won t have the courage to look back ,1,3,2,606
607,RT When you see hatred and racism stare in it the face It probably won t have the courage to look back ,1,3,2,607
608,RT Protesting racism with racism Ignorance ,1,3,1,608
609,RT just found out that trump is a racism I can t believe he is going 2 be presdinent,1,3,1,609
610, If you voted for a racist candidate you are either an unabashed racist or you are complicit in racism ,1,2,0,610
611,RT It s not fascist to reject Communism Socialism Globalism It s common decency ,1,3,0,611
612,RT These fucking people Everything s racist was a mistake Because everything s racist Go fuck yourself ,1,2,0,612
613,RT Mitt Romney says Donald Trump will change America with trickle down racism ,1,3,0,613
614,RT When you see hatred and racism stare in it the face It probably won t have the courage to look back ,1,3,1,614
615, amp that wasn t just MLK You think LBJ would ve signed Civil Rights legislation w o protest ,1,3,1,615
616, RT ,1,3,1,616
617,RT This is how it feels in America in 2016 reverse racism is REAL and POWERFUL FacingRace ,1,3,0,617
618,described exactly by evolution and ecological niches see chapter 1 this explains everything Editor John Bro ,1,3,1,618
619,RT Yes yes yes to this thread ,1,3,1,619
620, I have heard Northern newcomers reveal racism when they deride locals in my county for sounding like black ppl ,1,0,1,620
621,Signal your opposition to racism with a simple safety pin ,1,3,1,621
622, If you lose states who voted for the black guy twice it s not all racism Bernie had big support up there amp she ignored them ,1,0,1,622
623,This is so important ,1,3,1,623
624,RT When you see hatred and racism stare in it the face It probably won t have the courage to look back ,1,3,1,624
625,Sick amp tired of people saying this election was about Racism It was about Policy And not wanting a Felon liar amp globalist in the WH ,1,3,2,625
626,RT Racism ,1,3,1,626
627,You re an idiot if you believe this crap ,1,3,1,627
628,RT that vocal racism or misogyny is some signifier of anti elitism ,1,3,1,628
629,RT Stop dismissing racism with the notion of best intentions and be accountable to your socialized biases,1,3,2,629
630,RT When you see hatred and racism stare in it the face It probably won t have the courage to look back ,1,3,2,630
631,RT important ,1,3,2,631
632,RT ,1,3,1,632
633,RT If he finessed off of racism just to backtrack this might be the biggest plot twist in American History ,1,3,1,633
634,RT THIS IS RACISM I stand with my White brothers and sisters against you SAVAGES ,1,0,0,634
635,RT Pink Floyd being very prescient over 30 years ago Racism sexism homophobia Trumpism PinkFloydTheWall ,1,2,0,635
636,RT Protest racism protest xenophobia protest homophobia protest inequality protest hate protest hate protest hate but ,1,2,1,636
637,RT good tumblr thread about being white amp trying to engage with educate other white ppl about politics ,1,0,2,637
638,RT Not all Trump supporters are racist but all of them decided that racism isn t a deal breaker End of story ,1,2,1,638
639,RT When you see hatred and racism stare in it the face It probably won t have the courage to look back ,1,3,0,639
640,RT This is Real Racism is real I don t care what you say This video was taken at University of Oregon in front of ,1,3,2,640
641,RT So many good white ppl are silent about racism because brave ppl like Grubhub CEO MattMaloney get scorned if they speak ,1,0,0,641
642,RT But white anti racists shouldn t think of the work as going around reforming racists You need to start with your own ,1,0,2,642
643,Internalized racism often expresses itself through questioning competence C amp S RenfrewConf,1,3,0,643
644,RT When you see hatred and racism stare in it the face It probably won t have the courage to look back ,1,3,1,644
645,RT When you see hatred and racism stare in it the face It probably won t have the courage to look back ,1,3,2,645
646,RT That s why I can only be but somewhat frustrated w the outcome and definitely not surprised Donald nem giving me a ,1,3,2,646
647,RT Racism doesn t exist to a racist until it s racism against whites Their penchant for self victimization is unparalleled,1,3,1,647
648,RT Have any of our working class white whisperers written on how Ds can connect w o ceding criticism of racism misogyny ,1,0,0,648
649,RT an explanation of how reverse racism doesnt work in under 30 seconds ,1,3,1,649
650,RT When you see hatred and racism stare in it the face It probably won t have the courage to look back ,1,3,1,650
651,RT We stopped xenophobic racism when we beat Mitt Romney we did it when we beat John McCain and we did it when we beat Hil ,1,3,2,651
652,RT You prolly did that yourself lol ,1,3,2,652
653,RT voting to endorse explicitly racist policies requires either personal desire for racist policies or apathy concerning the ,1,2,1,653
654, The premise is pushing is that all of the sudden there s an explosion racism because Trump was elected ,1,3,0,654
655, On their opinions on racism since you said they will just exaggerate anyway 2 2 Head in sand preferred,1,3,0,655
656,RT when u GOTVd for Hillary because u hate racism but are now helping to fund white supremacists ,1,0,1,656
657,If you voted Trump to protest wealth inequality amp the loss of democracy in America we can work together If you voted for racism HELL NO ,1,3,1,657
658,RT Every white person lives and works in spaces that are fundamentally shaped by racism Your first step is to stop denyi ,1,3,0,658
659,RT Protest racism protest xenophobia protest homophobia protest inequality protest hate protest hate protest hate but ,1,2,0,659
660,RT When you see hatred and racism stare in it the face It probably won t have the courage to look back ,1,3,2,660
661,RT When you see hatred and racism stare in it the face It probably won t have the courage to look back ,1,3,2,661
662,RT When you see hatred and racism stare in it the face It probably won t have the courage to look back ,1,3,2,662
663,RT When you see hatred and racism stare in it the face It probably won t have the courage to look back ,1,3,2,663
664,RT The Klan celebrates Trump but no none of this was ever about racism was it ,1,3,2,664
665,RT I am not here for MY version of America I am here to understand and build But also going to make sure we address the blat ,1,3,1,665
666,RT Imagine being so privileged that someone s racism is seen as a minor character flaw rather than an absolute deal breaker ,1,3,1,666
667, TFW U realize ur football coach helped make ur gov t whiter older amp less intellectually qualified amp maybe that ai ,1,3,1,667
668,Racism is alive today because they still teach it in our schools They still teach it at home ,1,3,1,668
669,RT When you see hatred and racism stare in it the face It probably won t have the courage to look back ,1,3,0,669
670,RT We continually rely on systems rooted in racism then wonder why racism is alive and well At what point is enough enough ,1,3,2,670
671,It s not Pro trump its pro hate pro racism and threatens people s safety Shame on ,1,3,0,671
672,RT When you see hatred and racism stare in it the face It probably won t have the courage to look back ,1,3,0,672
673,RT Donald Trump as president will not make the system more racist all he has done and will do is normalize overt racism ,1,2,2,673
674,RT When you see hatred and racism stare in it the face It probably won t have the courage to look back ,1,3,0,674
675,RT Crying racism and fearing for our lives yet its a 64 year old Trump voter whose beaten up by black teens and th ,1,0,2,675
676,RT Not race White supremacy Not a racial divide White supremacy Not racial overtones White supremacy Not racis ,1,0,2,676
677,RT The people with less of an ability to dog whistle will outright argue that anti racism amp feminism are elitism ,1,2,2,677
678, racism has nothing to do with left or right dipshit so what do you call reckless irrational fear of immigrants DUH ,1,3,1,678
679, So it s not true that the OP was merely claiming that racism isn t a huge issue for Trump voters ,1,3,0,679
680, Hate division racism bigotry sexism amp anti Americanism all come from the Marxist brainwashed youth ,1,3,0,680
681,RT the best thing about twitter the BLOCKED button If you are allergic to facts I get to pretend u don t exist Im do ,1,3,2,681
682,Good Morning America you are so hypocrite Now he is a saint after all the insults racism sexist and Hate that Trump vomited all lastmonths,1,2,1,682
683,RT For the pm crowd The Cinemax Theory of Racism Or why voting for a racist reflects poorly on your l ,1,2,0,683
684,RT Dear white media 1 Hate isn t normal 2 It s OK to call Trump a racist 3 Fear can be driven by racism 4 Trump is ,1,3,1,684
685,Sad as it gets but expected Trump has normalized racism misogyny religious intolerance amp xenophobia Disgusting ,1,1,2,685
686, instead of taking away his platform That is a vote for rather than against a new America They legitimized racism thru POTUS,1,3,0,686
687,RT Protest racism protest xenophobia protest homophobia protest inequality protest hate protest hate protest hate but ,1,2,1,687
688, Do you not know about her racism ,1,3,2,688
689,RT When you see hatred and racism stare in it the face It probably won t have the courage to look back ,1,3,1,689
690,RT voting to endorse explicitly racist policies requires either personal desire for racist policies or apathy concerning the ,1,2,2,690
691,RT When you see hatred and racism stare in it the face It probably won t have the courage to look back ,1,3,0,691
692,What s that old saying Misogyny racism hatred and white nationalism in Misogyny racism hatred and white nationalism out ,1,0,2,692
693,RT Be aware coverage of racism is still being skewed as Support for Pres Elect Kids chanting build that wall was called su ,1,3,2,693
694,RT Dear SJWs Trump didn t get elected because RACISM You idiots TrumpRiot DailyCrowder gt gt https ,1,3,0,694
695,RT If you re honestly supporting trump then unfollow me idc I m not gonna follow ppl who justify racism rape and homophobia ,1,3,1,695
696,RT So many good white ppl are silent about racism because brave ppl like Grubhub CEO MattMaloney get scorned if they speak ,1,0,1,696
697,RT When you see hatred and racism stare in it the face It probably won t have the courage to look back ,1,3,2,697
698,RT Keep fighting But non criminal Do so peacefully otherwise he wins ,1,3,2,698
699,Oh my goodness Never thought I d do this Retweeting Romney Here I go ,1,3,2,699
700,I liked a video from Examination of ANTI WHITE HATE amp BLACK RACISM,1,0,1,700
701, I hope you re as critical of the racism in the Left as you are of that in the Right then ,1,3,2,701
702,RT Replace white people with any other race in these tweets and imagine the outrage This is Racism ,1,0,2,702
703, Obama didn t run under a policy of hatred and racism YOUR president did ,1,3,0,703
704,RT The great linguist John McWhorter on The recreational use of racism ,1,3,1,704
705,RT Innocent students have white power shouted AT them the media lies and blames it on them This is deep anti white ,1,0,1,705
706,RT For the pm crowd The Cinemax Theory of Racism Or why voting for a racist reflects poorly on your l ,1,2,0,706
707,RT This is exactly why Trump won This is the hatred and racism that calls itself progressive in our country ,1,3,1,707
708,RT You re missing the point If 59m people empower a racist it s irrelevant whether they are or not Danger is the same ,1,2,0,708
709,RT voting to endorse explicitly racist policies requires either personal desire for racist policies or apathy concerning the ,1,2,0,709
710, Trump is the president No more racism for white people LOL,1,0,0,710
711,RT voting to endorse explicitly racist policies requires either personal desire for racist policies or apathy concerning the ,1,2,2,711
712,RT Not race White supremacy Not a racial divide White supremacy Not racial overtones White supremacy Not racis ,1,0,0,712
713,RT Exactly so we can see them and their agents coming ,1,3,2,713
714,RT So tired of the bullshit smears I always hear from Africans ,1,3,1,714
715,RT Reverse Racism Doesn t Exist ,1,3,0,715
716,RT Is there one story of racism after the election that is real besides the racism and violence toward white people ,1,0,0,716
717,RT Racism in america still does exsist and whether youre too ignorant to see it or just plain dumb something has to be d ,1,3,0,717
718,RT Dear white media 1 Hate isn t normal 2 It s OK to call Trump a racist 3 Fear can be driven by racism 4 Trump is ,1,3,1,718
719,RT Protest racism protest xenophobia protest homophobia protest inequality protest hate protest hate protest hate but ,1,2,2,719
720, Racist signs found above Water fountains at Florida ,1,2,2,720
721,RT Much the same could be said of Canada ,1,3,1,721
722,RT Trump hasn t created more racism he s created a safe mainstream platform the former leader of a neo Nazi gang ,1,3,1,722
723,RT trump blew his chance by showing his unequivocal support and encouragement for racism bigotry and misogyny he s d ,1,0,2,723
724,If I yell fire in a crowded theatre that is incitement not free speech what the morons do is not free speech its threats violence amp racism ,1,3,1,724
725,RT How did we get here Why is the white community so divided Because y all decided racism was over without ever addressing it ,1,0,0,725
726,RT Protest racism protest xenophobia protest homophobia protest inequality protest hate protest hate protest hate but ,1,2,1,726
727,RT Even your most anti racist white friend isn t magically above the racism they ve been socialised into It s a constant ,1,0,2,727
728,The fact that young children are openly spreading hate and racism is scary America what have you done ,1,3,0,728
729,RT I m staggered that pointing out Trump s flaming racism is now called hyperbole This is how evil is normalized ,1,3,1,729
730,RT Replace white people with any other race in these tweets and imagine the outrage This is Racism ,1,0,1,730
731,the words bigotry racism hatred are unpersuasive cos hatred to the hater is perversely pleasurable nobody ever bales on pleasure,1,0,0,731
732,Lots of good people in Portland lots of privilege lots of anger and more racism than anyone likes to admit ,1,3,0,732
733, Trump filth is his moral compass He stands on grounds littered with racism misogyny amp hate,1,3,1,733
734, how does this relate to you insinuating that racism is not caused by racists ,1,3,1,734
735,RT Dear SJWs Trump didn t get elected because RACISM You idiots TrumpRiot DailyCrowder gt gt https ,1,3,1,735
736,RT Reverse Racism Doesn t Exist ,1,3,1,736
737,RT Those people don t understand that sexual racism amp classism is vital part of sexual health amp wellness Politics dic ,1,3,0,737
738,RT Not all Trump supporters are racist but all of them decided that racism isn t a deal breaker End of story ,1,2,0,738
739,RT White folks stop telling black folks that not all white people are racist amp start PROVING IT by showing up organizing to ,1,0,0,739
740,RT Replace white people with any other race in these tweets and imagine the outrage This is Racism ,1,0,0,740
741,RT Dead ass my reaction to any racism come January 2017 ,1,3,0,741
742,RT Trump hasn t created more racism he s created a safe mainstream platform the former leader of a neo Nazi gang ,1,3,0,742
743,RT When you see hatred and racism stare in it the face It probably won t have the courage to look back ,1,3,2,743
744,RT Have any of our working class white whisperers written on how Ds can connect w o ceding criticism of racism misogyny ,1,0,2,744
745,RT Mitt Romney says Donald Trump will change America with trickle down racism ,1,3,1,745
746,Lmao I m so mad that made me laugh ,1,3,0,746
747,RT Reverse Racism Doesn t Exist ,1,3,1,747
748,RT Replace white people with any other race in these tweets and imagine the outrage This is Racism ,1,0,0,748
749,I m taking a stand against racism Islamophobia anti demotion sexism homophobia amp bigotry in all forms Please try to understand that we,1,2,0,749
750,RT When you see hatred and racism stare in it the face It probably won t have the courage to look back ,1,3,2,750
